file,label,page,text,id,surrounding_text,link,name,calculated_date,pretty_date
0.pdf,timexy,16,March 81,"TIMEX3 type=""DATE"" value=""1981-03-01T00:00:00""",57.  When I woke  up  in the morning of March 81,https://www.nickwallis.com/_files/ugd/5df505_efa99136c99548998dae947fc1742a21.pdf#page=16,Johnny Depp,1981-03-01,Mar. 1981
0.pdf,timexy,10,March 81,"TIMEX3 type=""DATE"" value=""1981-03-01T00:00:00""",34. I cannot remember if I was with Ms Heard at her home on March 81,https://www.nickwallis.com/_files/ugd/5df505_efa99136c99548998dae947fc1742a21.pdf#page=10,Johnny Depp,1981-03-01,Mar. 1981
0.pdf,timexy,10,March  81,"TIMEX3 type=""DATE"" value=""1981-03-01T00:00:00""",33. I understand  from  my  solicitors that the Defendants  also  allege  that on March  81,https://www.nickwallis.com/_files/ugd/5df505_efa99136c99548998dae947fc1742a21.pdf#page=10,Johnny Depp,1981-03-01,Mar. 1981
2.pdf,timexy,1,June 2004,"TIMEX3 type=""DATE"" value=""2004-06-01T00:00:00""","worked continuously for Mr Depp since June 2004.  In my role as Mr Depp's assistant, ",https://www.nickwallis.com/_files/ugd/5df505_3af069960ed64ffa8fe68eacf51d1767.pdf#page=1,Stephen Deuters,2004-06-01,Jun. 2004
5.pdf,timexy,1,December  2008,"TIMEX3 type=""DATE"" value=""2008-12-01T00:00:00""","island property since December 2008.   
island property  since  December  2008. ",https://www.nickwallis.com/_files/ugd/5df505_aa09e7b0456348c1898de7e4f77487b0.pdf#page=1,Tara Roberts,2008-12-01,Dec. 2008
5.pdf,timexy,1,December 2008,"TIMEX3 type=""DATE"" value=""2008-12-01T00:00:00""","island property since December 2008.   
island property  since  December  2008. ",https://www.nickwallis.com/_files/ugd/5df505_aa09e7b0456348c1898de7e4f77487b0.pdf#page=1,Tara Roberts,2008-12-01,Dec. 2008
11.pdf,timexy,31,Apr  10,"TIMEX3 type=""DATE"" value=""2010-04-01T00:00:00""","to Toni,  me 
Apr  10, 2015  View  details ",https://www.nickwallis.com/_files/ugd/5df505_74e2259c23c4401ca047328b067a8bea.pdf#page=31,Kevin Murphy,2010-04-01,Apr. 2010
19.pdf,timexy,1,March 2013,"TIMEX3 type=""DATE"" value=""2013-03-01T00:00:00""",March 2013 until November of2016.  I have known.Mr Depp for almost 40 years. ,https://www.nickwallis.com/_files/ugd/5df505_4d9d0d82863841228fa367d563131602.pdf#page=1,Isaac Baruch,2013-03-01,Mar. 2013
0.pdf,timexy,8,July 2013,"TIMEX3 type=""DATE"" value=""2013-07-01T00:00:00""","24. I remember that before the release  of The  Lone Ranger in July 2013,  I had had another five ",https://www.nickwallis.com/_files/ugd/5df505_efa99136c99548998dae947fc1742a21.pdf#page=8,Johnny Depp,2013-07-01,Jul. 2013
11.pdf,timexy,6,April  2014,"TIMEX3 type=""DATE"" value=""2014-04-01T00:00:00""",Exhibit  KM2  from  between  April  2014  to  March  2016  to  which  I  was ,https://www.nickwallis.com/_files/ugd/5df505_74e2259c23c4401ca047328b067a8bea.pdf#page=6,Kevin Murphy,2014-04-01,Apr. 2014
2.pdf,timexy,2,24 May 2014,"TIMEX3 type=""DATE"" value=""2014-05-24T00:00:00""",24 May 2014 w  Private Flight ,https://www.nickwallis.com/_files/ugd/5df505_3af069960ed64ffa8fe68eacf51d1767.pdf#page=2,Stephen Deuters,2014-05-24,May 2014
2.pdf,timexy,3,25  May 2014,"TIMEX3 type=""DATE"" value=""2014-05-25T00:00:00""","the incident took place  as  described above.  The following day,  on 25  May 2014,  Mr ",https://www.nickwallis.com/_files/ugd/5df505_3af069960ed64ffa8fe68eacf51d1767.pdf#page=3,Stephen Deuters,2014-05-25,May 2014
11.pdf,timexy,3,July  2014,"TIMEX3 type=""DATE"" value=""2014-07-01T00:00:00""",vaccinations  in  another  instance  in  July  2014  and  in  knowledge  of  the ,https://www.nickwallis.com/_files/ugd/5df505_74e2259c23c4401ca047328b067a8bea.pdf#page=3,Kevin Murphy,2014-07-01,Jul. 2014
11.pdf,timexy,3,July  2014,"TIMEX3 type=""DATE"" value=""2014-07-01T00:00:00""",vaccinations  in  another  instance  in  July  2014  and  in  knowledge  of  the ,https://www.nickwallis.com/_files/ugd/5df505_74e2259c23c4401ca047328b067a8bea.pdf#page=3,Kevin Murphy,2014-07-01,Jul. 2014
5.pdf,timexy,2,August 2014,"TIMEX3 type=""DATE"" value=""2014-08-01T00:00:00""","Events of August 2014 
Events of  August  2014 ",https://www.nickwallis.com/_files/ugd/5df505_aa09e7b0456348c1898de7e4f77487b0.pdf#page=2,Tara Roberts,2014-08-01,Aug. 2014
5.pdf,timexy,2,August  2014,"TIMEX3 type=""DATE"" value=""2014-08-01T00:00:00""","Events of August 2014 
Events of  August  2014 ",https://www.nickwallis.com/_files/ugd/5df505_aa09e7b0456348c1898de7e4f77487b0.pdf#page=2,Tara Roberts,2014-08-01,Aug. 2014
5.pdf,timexy,3,8  August  2014,"TIMEX3 type=""DATE"" value=""2014-08-08T00:00:00""","arrived  on  the  island  on  8  August  2014  and  Johnny  left  later  that  year. 
arrived on the  island  on 8  August  2014  and Johnny  left later  that year. ",https://www.nickwallis.com/_files/ugd/5df505_aa09e7b0456348c1898de7e4f77487b0.pdf#page=3,Tara Roberts,2014-08-08,Aug. 2014
5.pdf,timexy,3,8  August  2014,"TIMEX3 type=""DATE"" value=""2014-08-08T00:00:00""","arrived  on  the  island  on  8  August  2014  and  Johnny  left  later  that  year. 
arrived on the  island  on 8  August  2014  and Johnny  left later  that year. ",https://www.nickwallis.com/_files/ugd/5df505_aa09e7b0456348c1898de7e4f77487b0.pdf#page=3,Tara Roberts,2014-08-08,Aug. 2014
5.pdf,timexy,2,"17 August

 2014","TIMEX3 type=""DATE"" value=""2014-08-17T00:00:00""",,https://www.nickwallis.com/_files/ugd/5df505_aa09e7b0456348c1898de7e4f77487b0.pdf#page=2,Tara Roberts,2014-08-17,Aug. 2014
5.pdf,timexy,2,17  August  2014,"TIMEX3 type=""DATE"" value=""2014-08-17T00:00:00""","violently  attacked  Amber  on  the  Island  on  17  August  2014  and  that 
violently attacked  Amber  on the  Island  on 17 August",https://www.nickwallis.com/_files/ugd/5df505_aa09e7b0456348c1898de7e4f77487b0.pdf#page=2,Tara Roberts,2014-08-17,Aug. 2014
11.pdf,timexy,6,September  2014,"TIMEX3 type=""DATE"" value=""2014-09-01T00:00:00""",directly  to  the  Department  of  Homeland  Security  in  September  2014  in ,https://www.nickwallis.com/_files/ugd/5df505_74e2259c23c4401ca047328b067a8bea.pdf#page=6,Kevin Murphy,2014-09-01,Sep. 2014
17.pdf,timexy,1,October  2014,"TIMEX3 type=""DATE"" value=""2014-10-01T00:00:00""","manager  in  London  for  one  month,  in  October  2014,  and  subsequently  Australia for  seven ",https://www.nickwallis.com/_files/ugd/5df505_74a6e8721ad44915b636db76f0eddc13.pdf#page=1,Ben King,2014-10-01,Oct. 2014
11.pdf,timexy,36,7 October 2014,"TIMEX3 type=""DATE"" value=""2014-10-07T00:00:00""","Uber  Receipts 
Your Monday afternoon trip with Uber 
27 October 2014 $4.00 Thanks for choosin,,. ",https://www.nickwallis.com/_files/ugd/5df505_74e2259c23c4401ca047328b067a8bea.pdf#page=36,Kevin Murphy,2014-10-07,Oct. 2014
11.pdf,timexy,36,27 Oct  2014,"TIMEX3 type=""DATE"" value=""2014-10-27T00:00:00""","On 27 Oct  2014, at 16:14, 
Savannah Mcmillan 
<
wrote: ",https://www.nickwallis.com/_files/ugd/5df505_74e2259c23c4401ca047328b067a8bea.pdf#page=36,Kevin Murphy,2014-10-27,Oct. 2014
11.pdf,timexy,36,27 October 2014,"TIMEX3 type=""DATE"" value=""2014-10-27T00:00:00""","Uber  Receipts 
Your Monday afternoon trip with Uber 
27 October 2014 $4.00 Thanks for choosin,,. ",https://www.nickwallis.com/_files/ugd/5df505_74e2259c23c4401ca047328b067a8bea.pdf#page=36,Kevin Murphy,2014-10-27,Oct. 2014
0.pdf,timexy,6,January  2015,"TIMEX3 type=""DATE"" value=""2015-01-01T00:00:00""","during  the  filming  of Mortdecai  in  London in  January  2015,  when my  children ",https://www.nickwallis.com/_files/ugd/5df505_efa99136c99548998dae947fc1742a21.pdf#page=6,Johnny Depp,2015-01-01,Jan. 2015
2.pdf,timexy,4,January  2015,"TIMEX3 type=""DATE"" value=""2015-01-01T00:00:00""",abused  Ms  Heard  in  a  hotel  room  on  a  trip  to  Tokyo  in January  2015.  I  was  not ,https://www.nickwallis.com/_files/ugd/5df505_3af069960ed64ffa8fe68eacf51d1767.pdf#page=4,Stephen Deuters,2015-01-01,Jan. 2015
2.pdf,timexy,4,25 January 2015,"TIMEX3 type=""DATE"" value=""2015-01-25T00:00:00""",25 January 2015 ,https://www.nickwallis.com/_files/ugd/5df505_3af069960ed64ffa8fe68eacf51d1767.pdf#page=4,Stephen Deuters,2015-01-25,Jan. 2015
0.pdf,timexy,14,25 January 2015,"TIMEX3 type=""DATE"" value=""2015-01-25T00:00:00""",25 January 2015 ,https://www.nickwallis.com/_files/ugd/5df505_efa99136c99548998dae947fc1742a21.pdf#page=14,Johnny Depp,2015-01-25,Jan. 2015
17.pdf,timexy,1,February  2015,"TIMEX3 type=""DATE"" value=""2015-02-01T00:00:00""","months,  from  February  2015  to  August  2015,  during  Mr  Depp's  filming  of Pirates  of the ",https://www.nickwallis.com/_files/ugd/5df505_74a6e8721ad44915b636db76f0eddc13.pdf#page=1,Ben King,2015-02-01,Feb. 2015
11.pdf,timexy,35,"Feb 5,  2015","TIMEX3 type=""DATE"" value=""2015-02-05T00:00:00""","to  Kate, me, AMBER 
Feb 5,  2015  View  details ",https://www.nickwallis.com/_files/ugd/5df505_74e2259c23c4401ca047328b067a8bea.pdf#page=35,Kevin Murphy,2015-02-05,Feb. 2015
11.pdf,timexy,34,"Feb 21, 2015","TIMEX3 type=""DATE"" value=""2015-02-21T00:00:00""","Savannah  Mcmillan 
to Trudy, me, Amber 
Feb 21, 2015  View  details ",https://www.nickwallis.com/_files/ugd/5df505_74e2259c23c4401ca047328b067a8bea.pdf#page=34,Kevin Murphy,2015-02-21,Feb. 2015
20.pdf,timexy,2,"March 

2015","TIMEX3 type=""DATE"" value=""2015-03-01T00:00:00""",,https://www.nickwallis.com/_files/ugd/5df505_0577dcc1d0a64761896b7d76d95cba29.pdf#page=2,Alejandro Romero,2015-03-01,Mar. 2015
17.pdf,timexy,3,March  2015,"TIMEX3 type=""DATE"" value=""2015-03-01T00:00:00""","7;  In  March  2015  I  was .urgently  summoned  by  my  colleagues  to  the  rented  house  I  was 
'fQIU)&blg  llll behalf of Mr  Depp  and  Ms  Heard  in  Australia.  When  I arrived,  I  found  a 
......  'ti~.iwt ll;lll.···.·.·. ount  of damage,  partioularly .to  the  bar  area  on  the  lower  ground  floor.  The 
.>  .( ·•· 
f'i~ .. ·f~s '<mlrror  behind  the  bar was  heavily  cracked  and  there  was  broken  glass  and  other  debris 
·•··· ••J;:~~e~ on ltl\d around the bar. ",https://www.nickwallis.com/_files/ugd/5df505_74a6e8721ad44915b636db76f0eddc13.pdf#page=3,Ben King,2015-03-01,Mar. 2015
0.pdf,timexy,19,"March 

2015","TIMEX3 type=""DATE"" value=""2015-03-01T00:00:00""",,https://www.nickwallis.com/_files/ugd/5df505_efa99136c99548998dae947fc1742a21.pdf#page=19,Johnny Depp,2015-03-01,Mar. 2015
0.pdf,timexy,19,March 2015,"TIMEX3 type=""DATE"" value=""2015-03-01T00:00:00""",March 2015 ,https://www.nickwallis.com/_files/ugd/5df505_efa99136c99548998dae947fc1742a21.pdf#page=19,Johnny Depp,2015-03-01,Mar. 2015
4.pdf,timexy,2,March 2015,"TIMEX3 type=""DATE"" value=""2015-03-01T00:00:00""",to an incident in early March 2015 in Australia. ,https://www.nickwallis.com/_files/ugd/5df505_e8641351c9854107a4ba6f7de50d6faa.pdf#page=2,Malcolm Connolly,2015-03-01,Mar. 2015
11.pdf,timexy,2,March  2015,"TIMEX3 type=""DATE"" value=""2015-03-01T00:00:00""",I  began  to  have  concerns  in  mid-to-late  March  2015  that  timing ,https://www.nickwallis.com/_files/ugd/5df505_74e2259c23c4401ca047328b067a8bea.pdf#page=2,Kevin Murphy,2015-03-01,Mar. 2015
0.pdf,timexy,15,March 2015,"TIMEX3 type=""DATE"" value=""2015-03-01T00:00:00""",52. Ms  Heard  and I were in Australia in March 2015  while  I was  working on the Pirates of the ,https://www.nickwallis.com/_files/ugd/5df505_efa99136c99548998dae947fc1742a21.pdf#page=15,Johnny Depp,2015-03-01,Mar. 2015
4.pdf,timexy,2,March 2015,"TIMEX3 type=""DATE"" value=""2015-03-01T00:00:00""",to an incident in early March 2015 in Australia. ,https://www.nickwallis.com/_files/ugd/5df505_e8641351c9854107a4ba6f7de50d6faa.pdf#page=2,Malcolm Connolly,2015-03-01,Mar. 2015
0.pdf,timexy,14,March 2015,"TIMEX3 type=""DATE"" value=""2015-03-01T00:00:00""",March 2015 ,https://www.nickwallis.com/_files/ugd/5df505_efa99136c99548998dae947fc1742a21.pdf#page=14,Johnny Depp,2015-03-01,Mar. 2015
0.pdf,timexy,15,March  2015,"TIMEX3 type=""DATE"" value=""2015-03-01T00:00:00""","who  was  harmed  in  Australia,  grievously  so,  was  me  in  March  2015,  when,  as  I  describe ",https://www.nickwallis.com/_files/ugd/5df505_efa99136c99548998dae947fc1742a21.pdf#page=15,Johnny Depp,2015-03-01,Mar. 2015
0.pdf,timexy,14,March 2015,"TIMEX3 type=""DATE"" value=""2015-03-01T00:00:00""",March 2015 ,https://www.nickwallis.com/_files/ugd/5df505_efa99136c99548998dae947fc1742a21.pdf#page=14,Johnny Depp,2015-03-01,Mar. 2015
0.pdf,timexy,15,March  2015,"TIMEX3 type=""DATE"" value=""2015-03-01T00:00:00""","who  was  harmed  in  Australia,  grievously  so,  was  me  in  March  2015,  when,  as  I  describe ",https://www.nickwallis.com/_files/ugd/5df505_efa99136c99548998dae947fc1742a21.pdf#page=15,Johnny Depp,2015-03-01,Mar. 2015
0.pdf,timexy,15,March 2015,"TIMEX3 type=""DATE"" value=""2015-03-01T00:00:00""",52. Ms  Heard  and I were in Australia in March 2015  while  I was  working on the Pirates of the ,https://www.nickwallis.com/_files/ugd/5df505_efa99136c99548998dae947fc1742a21.pdf#page=15,Johnny Depp,2015-03-01,Mar. 2015
0.pdf,timexy,19,March 2015,"TIMEX3 type=""DATE"" value=""2015-03-01T00:00:00""",March 2015 ,https://www.nickwallis.com/_files/ugd/5df505_efa99136c99548998dae947fc1742a21.pdf#page=19,Johnny Depp,2015-03-01,Mar. 2015
17.pdf,timexy,2,3  March  2015,"TIMEX3 type=""DATE"" value=""2015-03-03T00:00:00""",a.8.  On  or  around  3  March  2015  Ms  Heard  and  the  Claimant  were  in  Australia.  The ,https://www.nickwallis.com/_files/ugd/5df505_74a6e8721ad44915b636db76f0eddc13.pdf#page=2,Ben King,2015-03-03,Mar. 2015
2.pdf,timexy,4,4 March 2015,"TIMEX3 type=""DATE"" value=""2015-03-04T00:00:00""",3 and 4 March 2015 ,https://www.nickwallis.com/_files/ugd/5df505_3af069960ed64ffa8fe68eacf51d1767.pdf#page=4,Stephen Deuters,2015-03-04,Mar. 2015
4.pdf,timexy,2,"8 

March 2015","TIMEX3 type=""DATE"" value=""2015-03-08T00:00:00""",,https://www.nickwallis.com/_files/ugd/5df505_e8641351c9854107a4ba6f7de50d6faa.pdf#page=2,Malcolm Connolly,2015-03-08,Mar. 2015
4.pdf,timexy,2,8 March 2015,"TIMEX3 type=""DATE"" value=""2015-03-08T00:00:00""",7.  I remember at  some  point in  the middle of the  afternoon on  8 March 2015  getting an  urgent ,https://www.nickwallis.com/_files/ugd/5df505_e8641351c9854107a4ba6f7de50d6faa.pdf#page=2,Malcolm Connolly,2015-03-08,Mar. 2015
0.pdf,timexy,15,"8 

March 2015","TIMEX3 type=""DATE"" value=""2015-03-08T00:00:00""",,https://www.nickwallis.com/_files/ugd/5df505_efa99136c99548998dae947fc1742a21.pdf#page=15,Johnny Depp,2015-03-08,Mar. 2015
0.pdf,timexy,19,22  March  2015,"TIMEX3 type=""DATE"" value=""2015-03-22T00:00:00""","2015.  Around  the  22  March  2015,  I  was  at  Penthouse  5,  Eastern  Colombia  Building ",https://www.nickwallis.com/_files/ugd/5df505_efa99136c99548998dae947fc1742a21.pdf#page=19,Johnny Depp,2015-03-22,Mar. 2015
11.pdf,timexy,14,"Mar 28, 2015","TIMEX3 type=""DATE"" value=""2015-03-28T00:00:00""","Date: Sat, Mar 28, 2015 at 5:16 PM 
To: AH <",https://www.nickwallis.com/_files/ugd/5df505_74e2259c23c4401ca047328b067a8bea.pdf#page=14,Kevin Murphy,2015-03-28,Mar. 2015
11.pdf,timexy,2,April  2015,"TIMEX3 type=""DATE"" value=""2015-04-01T00:00:00""",April  2015  from  start  to  finish.  I  hired  the  agency  that  facilitated  the ,https://www.nickwallis.com/_files/ugd/5df505_74e2259c23c4401ca047328b067a8bea.pdf#page=2,Kevin Murphy,2015-04-01,Apr. 2015
11.pdf,timexy,2,April  2015,"TIMEX3 type=""DATE"" value=""2015-04-01T00:00:00""",April  2015  from  start  to  finish.  I  hired  the  agency  that  facilitated  the ,https://www.nickwallis.com/_files/ugd/5df505_74e2259c23c4401ca047328b067a8bea.pdf#page=2,Kevin Murphy,2015-04-01,Apr. 2015
11.pdf,timexy,2,9 April  2015,"TIMEX3 type=""DATE"" value=""2015-04-09T00:00:00""",travel  to Australia.  I  refer  to  the  invoice  dated  9 April  2015  from All  Pet ,https://www.nickwallis.com/_files/ugd/5df505_74e2259c23c4401ca047328b067a8bea.pdf#page=2,Kevin Murphy,2015-04-09,Apr. 2015
0.pdf,timexy,32,May 2015,"TIMEX3 type=""DATE"" value=""2015-05-01T00:00:00""","103.  On27 May 2015, I sent the following text to Ms Paige Heard (page 4 of Exhibit JD2): ",https://www.nickwallis.com/_files/ugd/5df505_efa99136c99548998dae947fc1742a21.pdf#page=32,Johnny Depp,2015-05-01,May 2015
20.pdf,timexy,2,July 2015,"TIMEX3 type=""DATE"" value=""2015-07-01T00:00:00""",the Eastern for the first time in around July 2015 but I understand that she was not resident at ,https://www.nickwallis.com/_files/ugd/5df505_0577dcc1d0a64761896b7d76d95cba29.pdf#page=2,Alejandro Romero,2015-07-01,Jul. 2015
0.pdf,timexy,20,August 2015,"TIMEX3 type=""DATE"" value=""2015-08-01T00:00:00""","70. In  August 2015,  Ms  Heard  and  I  were  travelling  on the  Eastern  Oriental train  in  Southern ",https://www.nickwallis.com/_files/ugd/5df505_efa99136c99548998dae947fc1742a21.pdf#page=20,Johnny Depp,2015-08-01,Aug. 2015
11.pdf,timexy,22,August  2015,"TIMEX3 type=""DATE"" value=""2015-08-01T00:00:00""","time, including  a cancelled trip  to  the United Kingdom  i n  August  2015. ",https://www.nickwallis.com/_files/ugd/5df505_74e2259c23c4401ca047328b067a8bea.pdf#page=22,Kevin Murphy,2015-08-01,Aug. 2015
17.pdf,timexy,1,August  2015,"TIMEX3 type=""DATE"" value=""2015-08-01T00:00:00""","months,  from  February  2015  to  August  2015,  during  Mr  Depp's  filming  of Pirates  of the ",https://www.nickwallis.com/_files/ugd/5df505_74a6e8721ad44915b636db76f0eddc13.pdf#page=1,Ben King,2015-08-01,Aug. 2015
0.pdf,timexy,20,September  2015,"TIMEX3 type=""DATE"" value=""2015-09-01T00:00:00""",place  with  Ms  Heard  in  September  2015  around  the  time  of the  Toronto  and  Venice  Film ,https://www.nickwallis.com/_files/ugd/5df505_efa99136c99548998dae947fc1742a21.pdf#page=20,Johnny Depp,2015-09-01,Sep. 2015
11.pdf,timexy,4,October  2015,"TIMEX3 type=""DATE"" value=""2015-10-01T00:00:00""",October  2015  Ms  Heard  requested  that  I  make  a  false  statement ,https://www.nickwallis.com/_files/ugd/5df505_74e2259c23c4401ca047328b067a8bea.pdf#page=4,Kevin Murphy,2015-10-01,Oct. 2015
10.pdf,timexy,2,October  2015,"TIMEX3 type=""DATE"" value=""2015-10-01T00:00:00""","In  October  2015,  Ms  Heard  was  subject  to  criminal  proceedings  in  Australia  for  illegally ",https://www.nickwallis.com/_files/ugd/5df505_ed4a98bd97e442729f8937686998f469.pdf#page=2,Kevin Murphy,2015-10-01,Oct. 2015
11.pdf,timexy,4,13  October  2015,"TIMEX3 type=""DATE"" value=""2015-10-13T00:00:00""",12.  On  13  October  2015 ,https://www.nickwallis.com/_files/ugd/5df505_74e2259c23c4401ca047328b067a8bea.pdf#page=4,Kevin Murphy,2015-10-13,Oct. 2015
0.pdf,timexy,21,"22  October 

2015","TIMEX3 type=""DATE"" value=""2015-10-22T00:00:00""",,https://www.nickwallis.com/_files/ugd/5df505_efa99136c99548998dae947fc1742a21.pdf#page=21,Johnny Depp,2015-10-22,Oct. 2015
0.pdf,timexy,22,26 November 2015,"TIMEX3 type=""DATE"" value=""2015-11-26T00:00:00""",26 November 2015 ,https://www.nickwallis.com/_files/ugd/5df505_efa99136c99548998dae947fc1742a21.pdf#page=22,Johnny Depp,2015-11-26,Nov. 2015
0.pdf,timexy,22,26  November  2015,"TIMEX3 type=""DATE"" value=""2015-11-26T00:00:00""","76.  On 26  November  2015,  Ms  Heard  and  I  were  indeed  in Los  Angeles  together  celebrating ",https://www.nickwallis.com/_files/ugd/5df505_efa99136c99548998dae947fc1742a21.pdf#page=22,Johnny Depp,2015-11-26,Nov. 2015
0.pdf,timexy,22,26 November 2015,"TIMEX3 type=""DATE"" value=""2015-11-26T00:00:00""",26 November 2015 ,https://www.nickwallis.com/_files/ugd/5df505_efa99136c99548998dae947fc1742a21.pdf#page=22,Johnny Depp,2015-11-26,Nov. 2015
5.pdf,timexy,3,December 2015,"TIMEX3 type=""DATE"" value=""2015-12-01T00:00:00""","Events of December 2015 
Events of  December  2015 ",https://www.nickwallis.com/_files/ugd/5df505_aa09e7b0456348c1898de7e4f77487b0.pdf#page=3,Tara Roberts,2015-12-01,Dec. 2015
5.pdf,timexy,3,December  2015,"TIMEX3 type=""DATE"" value=""2015-12-01T00:00:00""","Events of December 2015 
Events of  December  2015 ",https://www.nickwallis.com/_files/ugd/5df505_aa09e7b0456348c1898de7e4f77487b0.pdf#page=3,Tara Roberts,2015-12-01,Dec. 2015
5.pdf,timexy,2,December  2015,"TIMEX3 type=""DATE"" value=""2015-12-01T00:00:00""","aggressive with Amber or anyone else. I observed in December 2015 to 
aggressive with Amber  or anyone  else.  I observed  in December  2015  to ",https://www.nickwallis.com/_files/ugd/5df505_aa09e7b0456348c1898de7e4f77487b0.pdf#page=2,Tara Roberts,2015-12-01,Dec. 2015
6.pdf,timexy,2,December 15,"TIMEX3 type=""DATE"" value=""2015-12-01T00:00:00""","filings and the media, of violently abusing her the previous night, December 15""', 2015. ",https://www.nickwallis.com/_files/ugd/5df505_bc6bebe1450f49a0bd44d624e3bca8b9.pdf#page=2,Samantha McMillen,2015-12-01,Dec. 2015
5.pdf,timexy,2,December 2015,"TIMEX3 type=""DATE"" value=""2015-12-01T00:00:00""","aggressive with Amber or anyone else. I observed in December 2015 to 
aggressive with Amber  or anyone  else.  I observed  in December  2015  to ",https://www.nickwallis.com/_files/ugd/5df505_aa09e7b0456348c1898de7e4f77487b0.pdf#page=2,Tara Roberts,2015-12-01,Dec. 2015
0.pdf,timexy,22,15  December 2015,"TIMEX3 type=""DATE"" value=""2015-12-15T00:00:00""",that on 15  December 2015: ,https://www.nickwallis.com/_files/ugd/5df505_efa99136c99548998dae947fc1742a21.pdf#page=22,Johnny Depp,2015-12-15,Dec. 2015
0.pdf,timexy,23,15  December 2015,"TIMEX3 type=""DATE"" value=""2015-12-15T00:00:00""",78.  I was  at the penthouse in which I lived with Ms Heard on 15  December 2015  but I was not ,https://www.nickwallis.com/_files/ugd/5df505_efa99136c99548998dae947fc1742a21.pdf#page=23,Johnny Depp,2015-12-15,Dec. 2015
0.pdf,timexy,22,15 December 2015,"TIMEX3 type=""DATE"" value=""2015-12-15T00:00:00""",15 December 2015 ,https://www.nickwallis.com/_files/ugd/5df505_efa99136c99548998dae947fc1742a21.pdf#page=22,Johnny Depp,2015-12-15,Dec. 2015
5.pdf,timexy,5,27  December  2015,"TIMEX3 type=""DATE"" value=""2015-12-27T00:00:00""","Williams,  who  arrived  on  27  December  2015  with  his  partner,  took 
Williams, who arrived  on 27 December",https://www.nickwallis.com/_files/ugd/5df505_aa09e7b0456348c1898de7e4f77487b0.pdf#page=5,Tara Roberts,2015-12-27,Dec. 2015
5.pdf,timexy,5,"27 December

 2015","TIMEX3 type=""DATE"" value=""2015-12-27T00:00:00""",,https://www.nickwallis.com/_files/ugd/5df505_aa09e7b0456348c1898de7e4f77487b0.pdf#page=5,Tara Roberts,2015-12-27,Dec. 2015
5.pdf,timexy,3,29  December  2015,"TIMEX3 type=""DATE"" value=""2015-12-29T00:00:00""","10.  During  the  evening  of  29  December  2015  Johnny  drove  to  the  office 
10.  During the  evening  of  29  December  2015  Johnny  drove  to the  office ",https://www.nickwallis.com/_files/ugd/5df505_aa09e7b0456348c1898de7e4f77487b0.pdf#page=3,Tara Roberts,2015-12-29,Dec. 2015
5.pdf,timexy,3,29  December  2015,"TIMEX3 type=""DATE"" value=""2015-12-29T00:00:00""","10.  During  the  evening  of  29  December  2015  Johnny  drove  to  the  office 
10.  During the  evening  of  29  December  2015  Johnny  drove  to the  office ",https://www.nickwallis.com/_files/ugd/5df505_aa09e7b0456348c1898de7e4f77487b0.pdf#page=3,Tara Roberts,2015-12-29,Dec. 2015
5.pdf,timexy,5,31  December  2015,"TIMEX3 type=""DATE"" value=""2015-12-31T00:00:00""","Island on 31 December 2015, she took everything she owned with her. 
Island on 31  December  2015,  she  took everything  she  owned  with her. ",https://www.nickwallis.com/_files/ugd/5df505_aa09e7b0456348c1898de7e4f77487b0.pdf#page=5,Tara Roberts,2015-12-31,Dec. 2015
5.pdf,timexy,5,31 December 2015,"TIMEX3 type=""DATE"" value=""2015-12-31T00:00:00""","Island on 31 December 2015, she took everything she owned with her. 
Island on 31  December  2015,  she  took everything  she  owned  with her. ",https://www.nickwallis.com/_files/ugd/5df505_aa09e7b0456348c1898de7e4f77487b0.pdf#page=5,Tara Roberts,2015-12-31,Dec. 2015
11.pdf,timexy,6,March  2016,"TIMEX3 type=""DATE"" value=""2016-03-01T00:00:00""",Exhibit  KM2  from  between  April  2014  to  March  2016  to  which  I  was ,https://www.nickwallis.com/_files/ugd/5df505_74e2259c23c4401ca047328b067a8bea.pdf#page=6,Kevin Murphy,2016-03-01,Mar. 2016
20.pdf,timexy,2,March  2016,"TIMEX3 type=""DATE"" value=""2016-03-01T00:00:00""",the  Eastern  until  around  March  2016.  I  frequently  saw  Ms  Heard  both  in  person  and  on ,https://www.nickwallis.com/_files/ugd/5df505_0577dcc1d0a64761896b7d76d95cba29.pdf#page=2,Alejandro Romero,2016-03-01,Mar. 2016
12.pdf,timexy,1,14 March 2016,"TIMEX3 type=""DATE"" value=""2016-03-14T00:00:00""",have represented since 14 March 2016. ,https://www.nickwallis.com/_files/ugd/5df505_6ea7ec8b1b7a4760bcedd7f4225863d2.pdf#page=1,Edward White,2016-03-14,Mar. 2016
11.pdf,timexy,37,"Mar 17, 2016","TIMEX3 type=""DATE"" value=""2016-03-17T00:00:00""","to  Kristy, me 
Mar 17, 2016  View  details ",https://www.nickwallis.com/_files/ugd/5df505_74e2259c23c4401ca047328b067a8bea.pdf#page=37,Kevin Murphy,2016-03-17,Mar. 2016
12.pdf,timexy,2,21  April  2016,"TIMEX3 type=""DATE"" value=""2016-04-21T00:00:00""","birthday  celebration for  his  former  wife,  Ms  Amber Heard,  on 21  April  2016  when he  was ",https://www.nickwallis.com/_files/ugd/5df505_6ea7ec8b1b7a4760bcedd7f4225863d2.pdf#page=2,Edward White,2016-04-21,Apr. 2016
12.pdf,timexy,2,21  April  2016,"TIMEX3 type=""DATE"" value=""2016-04-21T00:00:00""","birthday  celebration for  his  former  wife,  Ms  Amber Heard,  on 21  April  2016  when he  was ",https://www.nickwallis.com/_files/ugd/5df505_6ea7ec8b1b7a4760bcedd7f4225863d2.pdf#page=2,Edward White,2016-04-21,Apr. 2016
0.pdf,timexy,2,21  April  2016,"TIMEX3 type=""DATE"" value=""2016-04-21T00:00:00""",were  alleged  to  have  occurred  on  21  April  2016  and  21  May  2016. ,https://www.nickwallis.com/_files/ugd/5df505_efa99136c99548998dae947fc1742a21.pdf#page=2,Johnny Depp,2016-04-21,Apr. 2016
11.pdf,timexy,5,May  2016,"TIMEX3 type=""DATE"" value=""2016-05-01T00:00:00""",17.  Around  late  May  2016  Ms  Heard  filed  for  divorce  from  Mr  Depp.  A  few ,https://www.nickwallis.com/_files/ugd/5df505_74e2259c23c4401ca047328b067a8bea.pdf#page=5,Kevin Murphy,2016-05-01,May 2016
0.pdf,timexy,2,May  2016,"TIMEX3 type=""DATE"" value=""2016-05-01T00:00:00""","first  made  them  in  May  2016,  when  she  applied  to  the  California  Court  for  a  temporary ",https://www.nickwallis.com/_files/ugd/5df505_efa99136c99548998dae947fc1742a21.pdf#page=2,Johnny Depp,2016-05-01,May 2016
0.pdf,timexy,26,"11  May 

2016","TIMEX3 type=""DATE"" value=""2016-05-11T00:00:00""",,https://www.nickwallis.com/_files/ugd/5df505_efa99136c99548998dae947fc1742a21.pdf#page=26,Johnny Depp,2016-05-11,May 2016
0.pdf,timexy,26,12  May  2016,"TIMEX3 type=""DATE"" value=""2016-05-12T00:00:00""","in  our  shared  bed.  On  12  May  2016,  Ms  Heard  confessed  to  our  estate  manager,  Kevin ",https://www.nickwallis.com/_files/ugd/5df505_efa99136c99548998dae947fc1742a21.pdf#page=26,Johnny Depp,2016-05-12,May 2016
0.pdf,timexy,35,"21 

May  2016","TIMEX3 type=""DATE"" value=""2016-05-21T00:00:00""",,https://www.nickwallis.com/_files/ugd/5df505_efa99136c99548998dae947fc1742a21.pdf#page=35,Johnny Depp,2016-05-21,May 2016
20.pdf,timexy,3,"May 21, 

2016","TIMEX3 type=""DATE"" value=""2016-05-21T00:00:00""",,https://www.nickwallis.com/_files/ugd/5df505_0577dcc1d0a64761896b7d76d95cba29.pdf#page=3,Alejandro Romero,2016-05-21,May 2016
20.pdf,timexy,3,"May 21, 2016","TIMEX3 type=""DATE"" value=""2016-05-21T00:00:00""","Saturday, May 21, 2016 ",https://www.nickwallis.com/_files/ugd/5df505_0577dcc1d0a64761896b7d76d95cba29.pdf#page=3,Alejandro Romero,2016-05-21,May 2016
0.pdf,timexy,2,21  May  2016,"TIMEX3 type=""DATE"" value=""2016-05-21T00:00:00""",were  alleged  to  have  occurred  on  21  April  2016  and  21  May  2016. ,https://www.nickwallis.com/_files/ugd/5df505_efa99136c99548998dae947fc1742a21.pdf#page=2,Johnny Depp,2016-05-21,May 2016
3.pdf,timexy,5,"May 21,  2016","TIMEX3 type=""DATE"" value=""2016-05-21T00:00:00""","18. I reviewed the  security footage  beginning on May 21,  2016.  I saw Ms. Heard on a multitude ",https://www.nickwallis.com/_files/ugd/5df505_759ec5c37d59420db95c1b1529a7ed23.pdf#page=5,Trinity Corrine Esparza,2016-05-21,May 2016
20.pdf,timexy,2,"May 21, 2016","TIMEX3 type=""DATE"" value=""2016-05-21T00:00:00""","physically abused his former wife, Ms Amber Heard, on May 21, 2016. ",https://www.nickwallis.com/_files/ugd/5df505_0577dcc1d0a64761896b7d76d95cba29.pdf#page=2,Alejandro Romero,2016-05-21,May 2016
0.pdf,timexy,27,21  May 2016,"TIMEX3 type=""DATE"" value=""2016-05-21T00:00:00""",touch with Ms  Heard.  The next time Ms Heard and I saw each other was  on 21  May 2016. ,https://www.nickwallis.com/_files/ugd/5df505_efa99136c99548998dae947fc1742a21.pdf#page=27,Johnny Depp,2016-05-21,May 2016
0.pdf,timexy,26,21  May  2016,"TIMEX3 type=""DATE"" value=""2016-05-21T00:00:00""","""The  next time  Ms  Heard saw  the  Claimant was  on  21  May  2016.  He  arrived at the  South ",https://www.nickwallis.com/_files/ugd/5df505_efa99136c99548998dae947fc1742a21.pdf#page=26,Johnny Depp,2016-05-21,May 2016
3.pdf,timexy,2,21  May 2016,"TIMEX3 type=""DATE"" value=""2016-05-21T00:00:00""","Saturday, 21  May 2016 ",https://www.nickwallis.com/_files/ugd/5df505_759ec5c37d59420db95c1b1529a7ed23.pdf#page=2,Trinity Corrine Esparza,2016-05-21,May 2016
2.pdf,timexy,5,"21 

May  2016","TIMEX3 type=""DATE"" value=""2016-05-21T00:00:00""",,https://www.nickwallis.com/_files/ugd/5df505_3af069960ed64ffa8fe68eacf51d1767.pdf#page=5,Stephen Deuters,2016-05-21,May 2016
3.pdf,timexy,3,"May 22, 2016","TIMEX3 type=""DATE"" value=""2016-05-22T00:00:00""","Sunday, May 22, 2016 ",https://www.nickwallis.com/_files/ugd/5df505_759ec5c37d59420db95c1b1529a7ed23.pdf#page=3,Trinity Corrine Esparza,2016-05-22,May 2016
3.pdf,timexy,3,23  May 2016,"TIMEX3 type=""DATE"" value=""2016-05-23T00:00:00""","III.  Monday, 23  May 2016 ",https://www.nickwallis.com/_files/ugd/5df505_759ec5c37d59420db95c1b1529a7ed23.pdf#page=3,Trinity Corrine Esparza,2016-05-23,May 2016
3.pdf,timexy,3,24 May 2016,"TIMEX3 type=""DATE"" value=""2016-05-24T00:00:00""","Tuesday, 24 May 2016 ",https://www.nickwallis.com/_files/ugd/5df505_759ec5c37d59420db95c1b1529a7ed23.pdf#page=3,Trinity Corrine Esparza,2016-05-24,May 2016
3.pdf,timexy,4,25 May 2016,"TIMEX3 type=""DATE"" value=""2016-05-25T00:00:00""","V.  Wednesday, 25 May 2016 ",https://www.nickwallis.com/_files/ugd/5df505_759ec5c37d59420db95c1b1529a7ed23.pdf#page=4,Trinity Corrine Esparza,2016-05-25,May 2016
3.pdf,timexy,4,May 25  2016,"TIMEX3 type=""DATE"" value=""2016-05-25T00:00:00""","14. On Wednesday, May 25  2016 I was working at the front desk of the Eastern Columbia Lofts, ",https://www.nickwallis.com/_files/ugd/5df505_759ec5c37d59420db95c1b1529a7ed23.pdf#page=4,Trinity Corrine Esparza,2016-05-25,May 2016
3.pdf,timexy,6,"May 25,  2016","TIMEX3 type=""DATE"" value=""2016-05-25T00:00:00""","meeting with me on May 25,  2016.  In none  of the  videos prior to  May 27, 2016  were  there ",https://www.nickwallis.com/_files/ugd/5df505_759ec5c37d59420db95c1b1529a7ed23.pdf#page=6,Trinity Corrine Esparza,2016-05-25,May 2016
20.pdf,timexy,3,"May 25, 2016","TIMEX3 type=""DATE"" value=""2016-05-25T00:00:00""","II.  Wednesday, May 25, 2016 ",https://www.nickwallis.com/_files/ugd/5df505_0577dcc1d0a64761896b7d76d95cba29.pdf#page=3,Alejandro Romero,2016-05-25,May 2016
3.pdf,timexy,4,26 May 2016,"TIMEX3 type=""DATE"" value=""2016-05-26T00:00:00""","Thursdav, 26 May 2016 ",https://www.nickwallis.com/_files/ugd/5df505_759ec5c37d59420db95c1b1529a7ed23.pdf#page=4,Trinity Corrine Esparza,2016-05-26,May 2016
3.pdf,timexy,4,"May 26, 2016","TIMEX3 type=""DATE"" value=""2016-05-26T00:00:00""","15.  On Thursday, May 26, 2016, I do not recall seeing Ms. Heard. ",https://www.nickwallis.com/_files/ugd/5df505_759ec5c37d59420db95c1b1529a7ed23.pdf#page=4,Trinity Corrine Esparza,2016-05-26,May 2016
0.pdf,timexy,32,27  May 2016,"TIMEX3 type=""DATE"" value=""2016-05-27T00:00:00""","100.  On 27  May 2016,  Ms  Heard filed the TRO  Application, which provided the  Defendants ",https://www.nickwallis.com/_files/ugd/5df505_efa99136c99548998dae947fc1742a21.pdf#page=32,Johnny Depp,2016-05-27,May 2016
3.pdf,timexy,6,"May 27, 2016","TIMEX3 type=""DATE"" value=""2016-05-27T00:00:00""","meeting with me on May 25,  2016.  In none  of the  videos prior to  May 27, 2016  were  there ",https://www.nickwallis.com/_files/ugd/5df505_759ec5c37d59420db95c1b1529a7ed23.pdf#page=6,Trinity Corrine Esparza,2016-05-27,May 2016
3.pdf,timexy,6,"May 27, 2016","TIMEX3 type=""DATE"" value=""2016-05-27T00:00:00""","meeting with me on May 25,  2016.  In none  of the  videos prior to  May 27, 2016  were  there ",https://www.nickwallis.com/_files/ugd/5df505_759ec5c37d59420db95c1b1529a7ed23.pdf#page=6,Trinity Corrine Esparza,2016-05-27,May 2016
3.pdf,timexy,4,May 27 2016,"TIMEX3 type=""DATE"" value=""2016-05-27T00:00:00""","Friday, May 27 2016 ",https://www.nickwallis.com/_files/ugd/5df505_759ec5c37d59420db95c1b1529a7ed23.pdf#page=4,Trinity Corrine Esparza,2016-05-27,May 2016
3.pdf,timexy,6,"May 30,  2016","TIMEX3 type=""DATE"" value=""2016-05-30T00:00:00""","22. Later the week of May 30,  2016, Ms.  Heard asked me  for  help.  She  said  the paparazzi  were ",https://www.nickwallis.com/_files/ugd/5df505_759ec5c37d59420db95c1b1529a7ed23.pdf#page=6,Trinity Corrine Esparza,2016-05-30,May 2016
3.pdf,timexy,5,30 May 2016,"TIMEX3 type=""DATE"" value=""2016-05-30T00:00:00""",VIII.  The Week of 30 May 2016 ,https://www.nickwallis.com/_files/ugd/5df505_759ec5c37d59420db95c1b1529a7ed23.pdf#page=5,Trinity Corrine Esparza,2016-05-30,May 2016
11.pdf,timexy,11,June  16,"TIMEX3 type=""DATE"" value=""2016-06-01T00:00:00""","June  16,  2020 ",https://www.nickwallis.com/_files/ugd/5df505_74e2259c23c4401ca047328b067a8bea.pdf#page=11,Kevin Murphy,2016-06-01,Jun. 2016
3.pdf,timexy,6,"June 9, 2016","TIMEX3 type=""DATE"" value=""2016-06-09T00:00:00""","June 9, 2016 ",https://www.nickwallis.com/_files/ugd/5df505_759ec5c37d59420db95c1b1529a7ed23.pdf#page=6,Trinity Corrine Esparza,2016-06-09,Jun. 2016
11.pdf,timexy,5,14  July  2016,"TIMEX3 type=""DATE"" value=""2016-07-14T00:00:00""",on  14  July  2016  for  specialist  advice  concerning  my  potential  criminal ,https://www.nickwallis.com/_files/ugd/5df505_74e2259c23c4401ca047328b067a8bea.pdf#page=5,Kevin Murphy,2016-07-14,Jul. 2016
11.pdf,timexy,6,August 2016,"TIMEX3 type=""DATE"" value=""2016-08-01T00:00:00""",In August 2016  I resigned from my position with Mr Depp. Because I was ,https://www.nickwallis.com/_files/ugd/5df505_74e2259c23c4401ca047328b067a8bea.pdf#page=6,Kevin Murphy,2016-08-01,Aug. 2016
0.pdf,timexy,35,16 August 2016,"TIMEX3 type=""DATE"" value=""2016-08-16T00:00:00""","In any  event, the TRO Application was dismissed with prejudice on  16 August 2016.  The ",https://www.nickwallis.com/_files/ugd/5df505_efa99136c99548998dae947fc1742a21.pdf#page=35,Johnny Depp,2016-08-16,Aug. 2016
0.pdf,timexy,2,November 2016,"TIMEX3 type=""DATE"" value=""2016-11-01T00:00:00""",was cast in around November 2016. ,https://www.nickwallis.com/_files/ugd/5df505_efa99136c99548998dae947fc1742a21.pdf#page=2,Johnny Depp,2016-11-01,Nov. 2016
0.pdf,timexy,24,December  16,"TIMEX3 type=""DATE"" value=""2016-12-01T00:00:00""","December  16,  2015  preparing for  the  Corden show.  I understand from  my  US  lawyers that ",https://www.nickwallis.com/_files/ugd/5df505_efa99136c99548998dae947fc1742a21.pdf#page=24,Johnny Depp,2016-12-01,Dec. 2016
10.pdf,timexy,12,December  16,"TIMEX3 type=""DATE"" value=""2016-12-01T00:00:00""","December  16,  2015 
4 : 0 3  PM ",https://www.nickwallis.com/_files/ugd/5df505_ed4a98bd97e442729f8937686998f469.pdf#page=12,Kevin Murphy,2016-12-01,Dec. 2016
22.pdf,timexy,1,April  2018,"TIMEX3 type=""DATE"" value=""2018-04-01T00:00:00""","I am an actress, survivor of abuse and a public advocate for the #MeToo movement. I was 
presented as one of the two #MeToo advocates quoted and named as a source supporting 
the  view  of the  article  published  by  The  Sun  on  27  April  2018,  titled  ""How  can  JK 
Rowling  be  ""genuinely  happy"" casting wife-beater Johnny  Depp  in  the  new  Fantastic 
Beasts film?"" (""the Article""). The Article is the subject of these proceedings. ",https://www.nickwallis.com/_files/ugd/5df505_f624ab84536d47fa9a193a07ea4072db.pdf#page=1,Katherine Kendall,2018-04-01,Apr. 2018
22.pdf,timexy,1,27  April  2018,"TIMEX3 type=""DATE"" value=""2018-04-27T00:00:00""","I am an actress, survivor of abuse and a public advocate for the #MeToo movement. I was 
presented as one of the two #MeToo advocates quoted and named as a source supporting 
the  view  of the  article  published  by  The  Sun  on  27  April  2018,  titled  ""How  can  JK 
Rowling  be  ""genuinely  happy"" casting wife-beater Johnny  Depp  in  the  new  Fantastic 
Beasts film?"" (""the Article""). The Article is the subject of these proceedings. ",https://www.nickwallis.com/_files/ugd/5df505_f624ab84536d47fa9a193a07ea4072db.pdf#page=1,Katherine Kendall,2018-04-27,Apr. 2018
0.pdf,timexy,2,27 April 2018,"TIMEX3 type=""DATE"" value=""2018-04-27T00:00:00""","27 April 2018  and in hard copy on 28  April 2018  (together, the ""Article"").  As  set out in the ",https://www.nickwallis.com/_files/ugd/5df505_efa99136c99548998dae947fc1742a21.pdf#page=2,Johnny Depp,2018-04-27,Apr. 2018
0.pdf,timexy,2,28  April 2018,"TIMEX3 type=""DATE"" value=""2018-04-28T00:00:00""","27 April 2018  and in hard copy on 28  April 2018  (together, the ""Article"").  As  set out in the ",https://www.nickwallis.com/_files/ugd/5df505_efa99136c99548998dae947fc1742a21.pdf#page=2,Johnny Depp,2018-04-28,Apr. 2018
0.pdf,timexy,2,13  June 2018,"TIMEX3 type=""DATE"" value=""2018-06-13T00:00:00""","Particulars of Claim dated  13  June 2018,  at paragraph 10, the Article included words which I ",https://www.nickwallis.com/_files/ugd/5df505_efa99136c99548998dae947fc1742a21.pdf#page=2,Johnny Depp,2018-06-13,Jun. 2018
5.pdf,timexy,2,June 2019,"TIMEX3 type=""DATE"" value=""2019-06-01T00:00:00""","material taken from the declaration I provided in June 2019 for use in the 
material taken  from  the  declaration  I provided  in June  2019  for  use  in the ",https://www.nickwallis.com/_files/ugd/5df505_aa09e7b0456348c1898de7e4f77487b0.pdf#page=2,Tara Roberts,2019-06-01,Jun. 2019
5.pdf,timexy,2,June  2019,"TIMEX3 type=""DATE"" value=""2019-06-01T00:00:00""","material taken from the declaration I provided in June 2019 for use in the 
material taken  from  the  declaration  I provided  in June  2019  for  use  in the ",https://www.nickwallis.com/_files/ugd/5df505_aa09e7b0456348c1898de7e4f77487b0.pdf#page=2,Tara Roberts,2019-06-01,Jun. 2019
2.pdf,timexy,2,21  June  2019,"TIMEX3 type=""DATE"" value=""2019-06-21T00:00:00""",I  have  been  shown  the  Defendants'  Amended  Defence  dated  21  June  2019  and  the ,https://www.nickwallis.com/_files/ugd/5df505_3af069960ed64ffa8fe68eacf51d1767.pdf#page=2,Stephen Deuters,2019-06-21,Jun. 2019
0.pdf,timexy,15,"21  June 

2019","TIMEX3 type=""DATE"" value=""2019-06-21T00:00:00""",,https://www.nickwallis.com/_files/ugd/5df505_efa99136c99548998dae947fc1742a21.pdf#page=15,Johnny Depp,2019-06-21,Jun. 2019
2.pdf,timexy,2,26  July  2019,"TIMEX3 type=""DATE"" value=""2019-07-26T00:00:00""",Amended  Reply  dated  26  July  2019.  The  purpose  of this  witness  statement  is  to ,https://www.nickwallis.com/_files/ugd/5df505_3af069960ed64ffa8fe68eacf51d1767.pdf#page=2,Stephen Deuters,2019-07-26,Jul. 2019
22.pdf,timexy,2,December 2019,"TIMEX3 type=""DATE"" value=""2019-12-01T00:00:00""",Date:  1 0 December 2019 ,https://www.nickwallis.com/_files/ugd/5df505_f624ab84536d47fa9a193a07ea4072db.pdf#page=2,Katherine Kendall,2019-12-01,Dec. 2019
12.pdf,timexy,3,10 December 2019,"TIMEX3 type=""DATE"" value=""2019-12-10T00:00:00""",10 December 2019 ,https://www.nickwallis.com/_files/ugd/5df505_6ea7ec8b1b7a4760bcedd7f4225863d2.pdf#page=3,Edward White,2019-12-10,Dec. 2019
6.pdf,timexy,3,12 December 2019,"TIMEX3 type=""DATE"" value=""2019-12-12T00:00:00""",12 December 2019 ,https://www.nickwallis.com/_files/ugd/5df505_bc6bebe1450f49a0bd44d624e3bca8b9.pdf#page=3,Samantha McMillen,2019-12-12,Dec. 2019
15.pdf,timexy,1,12 December 2019,"TIMEX3 type=""DATE"" value=""2019-12-12T00:00:00""","On behalf of:  Claimant 
Witness:  Sean Bett 
No:  First 
Exhibit:  SB 1 
Date:  12 December 2019 ",https://www.nickwallis.com/_files/ugd/5df505_68a3353621a54f36a2d646d1a8a614c4.pdf#page=1,Sean Bett,2019-12-12,Dec. 2019
15.pdf,timexy,5,12 December 2019,"TIMEX3 type=""DATE"" value=""2019-12-12T00:00:00""",12 December 2019 ,https://www.nickwallis.com/_files/ugd/5df505_68a3353621a54f36a2d646d1a8a614c4.pdf#page=5,Sean Bett,2019-12-12,Dec. 2019
15.pdf,timexy,6,12 December 2019,"TIMEX3 type=""DATE"" value=""2019-12-12T00:00:00""","On behalf of:  Claimant 
Witness:  Sean Bett 
No:  First 
Exhibit:  SB 1 
Date:  12 December 2019 ",https://www.nickwallis.com/_files/ugd/5df505_68a3353621a54f36a2d646d1a8a614c4.pdf#page=6,Sean Bett,2019-12-12,Dec. 2019
19.pdf,timexy,10,12  December 2019,"TIMEX3 type=""DATE"" value=""2019-12-12T00:00:00""",12  December 2019 ,https://www.nickwallis.com/_files/ugd/5df505_4d9d0d82863841228fa367d563131602.pdf#page=10,Isaac Baruch,2019-12-12,Dec. 2019
19.pdf,timexy,11,12 December 2019,"TIMEX3 type=""DATE"" value=""2019-12-12T00:00:00""","On behalf of: Claimant 
Witness: Isaac Baruch 
No: First 
Dated : 12 December 2019 ",https://www.nickwallis.com/_files/ugd/5df505_4d9d0d82863841228fa367d563131602.pdf#page=11,Isaac Baruch,2019-12-12,Dec. 2019
20.pdf,timexy,1,12 December 2019,"TIMEX3 type=""DATE"" value=""2019-12-12T00:00:00""","On behalf of:  Claimant 
Witness:  Alejandro Romero 
No:  First 
Date:  12 December 2019 ",https://www.nickwallis.com/_files/ugd/5df505_0577dcc1d0a64761896b7d76d95cba29.pdf#page=1,Alejandro Romero,2019-12-12,Dec. 2019
11.pdf,timexy,2,"12  December 

2019","TIMEX3 type=""DATE"" value=""2019-12-12T00:00:00""",,https://www.nickwallis.com/_files/ugd/5df505_74e2259c23c4401ca047328b067a8bea.pdf#page=2,Kevin Murphy,2019-12-12,Dec. 2019
20.pdf,timexy,6,12 December 2019,"TIMEX3 type=""DATE"" value=""2019-12-12T00:00:00""","On behalf of:  Claimant 
Witness: Alejandro Romero 
No:  First 
Date: 12 December 2019 ",https://www.nickwallis.com/_files/ugd/5df505_0577dcc1d0a64761896b7d76d95cba29.pdf#page=6,Alejandro Romero,2019-12-12,Dec. 2019
20.pdf,timexy,5,12 December 2019,"TIMEX3 type=""DATE"" value=""2019-12-12T00:00:00""","On behalf of:  Claimant 
Witness: Alejandro Romero 
No: First 
Date:  12 December 2019 ",https://www.nickwallis.com/_files/ugd/5df505_0577dcc1d0a64761896b7d76d95cba29.pdf#page=5,Alejandro Romero,2019-12-12,Dec. 2019
20.pdf,timexy,5,12 December 2019,"TIMEX3 type=""DATE"" value=""2019-12-12T00:00:00""","On behalf of:  Claimant 
Witness: Alejandro Romero 
No: First 
Date:  12 December 2019 ",https://www.nickwallis.com/_files/ugd/5df505_0577dcc1d0a64761896b7d76d95cba29.pdf#page=5,Alejandro Romero,2019-12-12,Dec. 2019
10.pdf,timexy,10,12 December 2019,"TIMEX3 type=""DATE"" value=""2019-12-12T00:00:00""","On  behalf of:  Claimant 
Witness: Kevin Murphy 
No:  First 
Date:  12 December 2019 
Exhibit:  KM! ",https://www.nickwallis.com/_files/ugd/5df505_ed4a98bd97e442729f8937686998f469.pdf#page=10,Kevin Murphy,2019-12-12,Dec. 2019
10.pdf,timexy,8,12 December 2019,"TIMEX3 type=""DATE"" value=""2019-12-12T00:00:00""","On behalf of:  Claimant 
Witness:  Kevin Murphy 
No: First 
Date:  12 December 2019 
Exhibit:  KM 1 ",https://www.nickwallis.com/_files/ugd/5df505_ed4a98bd97e442729f8937686998f469.pdf#page=8,Kevin Murphy,2019-12-12,Dec. 2019
10.pdf,timexy,7,12  December 2019,"TIMEX3 type=""DATE"" value=""2019-12-12T00:00:00""","On behalf of:  Claimant 
Witness:  Kevin Murphy 
No:  First 
Date:  12  December 2019 
Exhibit:  KM 1 ",https://www.nickwallis.com/_files/ugd/5df505_ed4a98bd97e442729f8937686998f469.pdf#page=7,Kevin Murphy,2019-12-12,Dec. 2019
20.pdf,timexy,4,12 December 2019,"TIMEX3 type=""DATE"" value=""2019-12-12T00:00:00""","On behalf of:  Claimant 
Witness:  Alejandro Romero 
No:  First 
Date: 12 December 2019 ",https://www.nickwallis.com/_files/ugd/5df505_0577dcc1d0a64761896b7d76d95cba29.pdf#page=4,Alejandro Romero,2019-12-12,Dec. 2019
10.pdf,timexy,5,12 December 2019,"TIMEX3 type=""DATE"" value=""2019-12-12T00:00:00""","On behalfof: Claimant 
Witness:  Kevin Murphy 
No: First 
Date:  12 December 2019 
Exhibit:  KM I ",https://www.nickwallis.com/_files/ugd/5df505_ed4a98bd97e442729f8937686998f469.pdf#page=5,Kevin Murphy,2019-12-12,Dec. 2019
10.pdf,timexy,4,12 December 2019,"TIMEX3 type=""DATE"" value=""2019-12-12T00:00:00""","On behalf of:  Claimant 
Witness:  Kevin Murphy 
No:  First 
Date:  12 December 2019 
Exhibit:  KM 1 ",https://www.nickwallis.com/_files/ugd/5df505_ed4a98bd97e442729f8937686998f469.pdf#page=4,Kevin Murphy,2019-12-12,Dec. 2019
10.pdf,timexy,3,12  December 2019,"TIMEX3 type=""DATE"" value=""2019-12-12T00:00:00""","On  behalf of:  Claimant 
Witness:  Kevin Murphy 
No:  First 
Date:  12  December 2019 
Exhibit: KM! ",https://www.nickwallis.com/_files/ugd/5df505_ed4a98bd97e442729f8937686998f469.pdf#page=3,Kevin Murphy,2019-12-12,Dec. 2019
10.pdf,timexy,2,12 December 2019,"TIMEX3 type=""DATE"" value=""2019-12-12T00:00:00""","On behalfof: Claimant 
Witness:  Kevin Murphy 
No:  First 
Date:  12 December 2019 
Exhibit:  KM! ",https://www.nickwallis.com/_files/ugd/5df505_ed4a98bd97e442729f8937686998f469.pdf#page=2,Kevin Murphy,2019-12-12,Dec. 2019
6.pdf,timexy,1,12 December 2019,"TIMEX3 type=""DATE"" value=""2019-12-12T00:00:00""","On behalf of:  Claimant 
Witness:  Samantha McMillen 
No: First 
Dated:  12 December 2019 ",https://www.nickwallis.com/_files/ugd/5df505_bc6bebe1450f49a0bd44d624e3bca8b9.pdf#page=1,Samantha McMillen,2019-12-12,Dec. 2019
6.pdf,timexy,2,12 December 2019,"TIMEX3 type=""DATE"" value=""2019-12-12T00:00:00""","On behalf of:  Claimant 
Witness:  Samantha McMillen 
No:  First 
Dated:  12 December 2019 ",https://www.nickwallis.com/_files/ugd/5df505_bc6bebe1450f49a0bd44d624e3bca8b9.pdf#page=2,Samantha McMillen,2019-12-12,Dec. 2019
10.pdf,timexy,1,12 December 2019,"TIMEX3 type=""DATE"" value=""2019-12-12T00:00:00""","On  behalf of:  Claimant 
Witness:  Kevin Murphy 
No:  First 
Date:  12 December 2019 
Exhibit:  KM! ",https://www.nickwallis.com/_files/ugd/5df505_ed4a98bd97e442729f8937686998f469.pdf#page=1,Kevin Murphy,2019-12-12,Dec. 2019
6.pdf,timexy,3,12  December 2019,"TIMEX3 type=""DATE"" value=""2019-12-12T00:00:00""","On behalfof: Claimant 
Witness:  Samantha McMillen 
No: First 
Dated:  12  December 2019 ",https://www.nickwallis.com/_files/ugd/5df505_bc6bebe1450f49a0bd44d624e3bca8b9.pdf#page=3,Samantha McMillen,2019-12-12,Dec. 2019
20.pdf,timexy,3,12 December 2019,"TIMEX3 type=""DATE"" value=""2019-12-12T00:00:00""","On behalf of:  Claimant 
Witness: Alejandro Romero 
No:  First 
Date:  12 December 2019 ",https://www.nickwallis.com/_files/ugd/5df505_0577dcc1d0a64761896b7d76d95cba29.pdf#page=3,Alejandro Romero,2019-12-12,Dec. 2019
6.pdf,timexy,4,12  December 2019,"TIMEX3 type=""DATE"" value=""2019-12-12T00:00:00""","On behalf of:  Claimant 
Witness:  Samantha McMillen 
No:  First 
Dated:  12  December 2019 ",https://www.nickwallis.com/_files/ugd/5df505_bc6bebe1450f49a0bd44d624e3bca8b9.pdf#page=4,Samantha McMillen,2019-12-12,Dec. 2019
20.pdf,timexy,2,12 December 2019,"TIMEX3 type=""DATE"" value=""2019-12-12T00:00:00""","On behalf of:  Claimant 
Witness:  Alejandro Romero 
No:  First 
Date:  12 December 2019 ",https://www.nickwallis.com/_files/ugd/5df505_0577dcc1d0a64761896b7d76d95cba29.pdf#page=2,Alejandro Romero,2019-12-12,Dec. 2019
10.pdf,timexy,6,12 December 2019,"TIMEX3 type=""DATE"" value=""2019-12-12T00:00:00""","On behalf of:  Claimant 
Witness: Kevin Murphy 
No:  First 
Date:  12 December 2019 
Exhibit:  KM! ",https://www.nickwallis.com/_files/ugd/5df505_ed4a98bd97e442729f8937686998f469.pdf#page=6,Kevin Murphy,2019-12-12,Dec. 2019
0.pdf,timexy,1,12 December 2019,"TIMEX3 type=""DATE"" value=""2019-12-12T00:00:00""","On behalf of:  Claimant 
Witness: John Christopher Depp II 
No:  Second 
Exhibit: JD2 
Date:  12 December 2019 ",https://www.nickwallis.com/_files/ugd/5df505_efa99136c99548998dae947fc1742a21.pdf#page=1,Johnny Depp,2019-12-12,Dec. 2019
0.pdf,timexy,18,12 December 2019,"TIMEX3 type=""DATE"" value=""2019-12-12T00:00:00""","On behalf of:  Claimant 
Witness: John Christopher Depp II 
No:  Second 
Date:  12 December 2019 ",https://www.nickwallis.com/_files/ugd/5df505_efa99136c99548998dae947fc1742a21.pdf#page=18,Johnny Depp,2019-12-12,Dec. 2019
0.pdf,timexy,17,12 December 2019,"TIMEX3 type=""DATE"" value=""2019-12-12T00:00:00""","On behalf of:  Claimant 
Witness: John Christopher Depp II 
No:  Second 
Date:  12 December 2019 ",https://www.nickwallis.com/_files/ugd/5df505_efa99136c99548998dae947fc1742a21.pdf#page=17,Johnny Depp,2019-12-12,Dec. 2019
0.pdf,timexy,36,12 December 2019,"TIMEX3 type=""DATE"" value=""2019-12-12T00:00:00""","On behalf of:  Claimant 
Witness: John Christopher Depp II 
No:  Second 
Date:  12 December 2019 ",https://www.nickwallis.com/_files/ugd/5df505_efa99136c99548998dae947fc1742a21.pdf#page=36,Johnny Depp,2019-12-12,Dec. 2019
0.pdf,timexy,19,12 December 2019,"TIMEX3 type=""DATE"" value=""2019-12-12T00:00:00""","On behalf of:  Claimant 
Witness: John Christopher Depp II 
No:  Second 
Date:  12 December 2019 ",https://www.nickwallis.com/_files/ugd/5df505_efa99136c99548998dae947fc1742a21.pdf#page=19,Johnny Depp,2019-12-12,Dec. 2019
0.pdf,timexy,20,12 December 2019,"TIMEX3 type=""DATE"" value=""2019-12-12T00:00:00""","On behalf of:  Claimant 
Witness: John Christopher Depp II 
No:  Second 
Date:  12 December 2019 ",https://www.nickwallis.com/_files/ugd/5df505_efa99136c99548998dae947fc1742a21.pdf#page=20,Johnny Depp,2019-12-12,Dec. 2019
0.pdf,timexy,21,12 December 2019,"TIMEX3 type=""DATE"" value=""2019-12-12T00:00:00""","On behalf of:  Claimant 
Witness: John Christopher Depp II 
No:  Second 
Date:  12 December 2019 ",https://www.nickwallis.com/_files/ugd/5df505_efa99136c99548998dae947fc1742a21.pdf#page=21,Johnny Depp,2019-12-12,Dec. 2019
0.pdf,timexy,22,12 December 2019,"TIMEX3 type=""DATE"" value=""2019-12-12T00:00:00""","On behalf of:  Claimant 
Witness: John Christopher Depp II 
No:  Second 
Date:  12 December 2019 ",https://www.nickwallis.com/_files/ugd/5df505_efa99136c99548998dae947fc1742a21.pdf#page=22,Johnny Depp,2019-12-12,Dec. 2019
0.pdf,timexy,23,12 December 2019,"TIMEX3 type=""DATE"" value=""2019-12-12T00:00:00""","On behalf of:  Claimant 
Witness:  John Christopher Depp II 
No:  Second 
Date:  12 December 2019 ",https://www.nickwallis.com/_files/ugd/5df505_efa99136c99548998dae947fc1742a21.pdf#page=23,Johnny Depp,2019-12-12,Dec. 2019
0.pdf,timexy,24,12 December 2019,"TIMEX3 type=""DATE"" value=""2019-12-12T00:00:00""","On behalf of:  Claimant 
Witness: John Christopher Depp II 
No:  Second 
Date:  12 December 2019 ",https://www.nickwallis.com/_files/ugd/5df505_efa99136c99548998dae947fc1742a21.pdf#page=24,Johnny Depp,2019-12-12,Dec. 2019
0.pdf,timexy,25,12 December 2019,"TIMEX3 type=""DATE"" value=""2019-12-12T00:00:00""","On behalf of:  Claimant 
Witness: John Christopher Depp II 
No:  Second 
Date:  12 December 2019 ",https://www.nickwallis.com/_files/ugd/5df505_efa99136c99548998dae947fc1742a21.pdf#page=25,Johnny Depp,2019-12-12,Dec. 2019
0.pdf,timexy,26,12 December 2019,"TIMEX3 type=""DATE"" value=""2019-12-12T00:00:00""","On behalf of:  Claimant 
Witness: John Christopher Depp II 
No:  Second 
Date:  12 December 2019 ",https://www.nickwallis.com/_files/ugd/5df505_efa99136c99548998dae947fc1742a21.pdf#page=26,Johnny Depp,2019-12-12,Dec. 2019
0.pdf,timexy,27,12 December 2019,"TIMEX3 type=""DATE"" value=""2019-12-12T00:00:00""","On behalf of:  Claimant 
Witness:  John Christopher Depp II 
No:  Second 
Date:  12 December 2019 ",https://www.nickwallis.com/_files/ugd/5df505_efa99136c99548998dae947fc1742a21.pdf#page=27,Johnny Depp,2019-12-12,Dec. 2019
0.pdf,timexy,28,12 December 2019,"TIMEX3 type=""DATE"" value=""2019-12-12T00:00:00""","On behalf of:  Claimant 
Witness: John Christopher Depp II 
No:  Second 
Date:  12 December 2019 ",https://www.nickwallis.com/_files/ugd/5df505_efa99136c99548998dae947fc1742a21.pdf#page=28,Johnny Depp,2019-12-12,Dec. 2019
0.pdf,timexy,29,12 December 2019,"TIMEX3 type=""DATE"" value=""2019-12-12T00:00:00""","On behalf of:  Claimant 
Witness:  John Christopher Depp II 
No: Second 
Date:  12 December 2019 ",https://www.nickwallis.com/_files/ugd/5df505_efa99136c99548998dae947fc1742a21.pdf#page=29,Johnny Depp,2019-12-12,Dec. 2019
0.pdf,timexy,30,12 December 2019,"TIMEX3 type=""DATE"" value=""2019-12-12T00:00:00""","On behalf of:  Claimant 
Witness: John Christopher Depp II 
No:  Second 
Date:  12 December 2019 ",https://www.nickwallis.com/_files/ugd/5df505_efa99136c99548998dae947fc1742a21.pdf#page=30,Johnny Depp,2019-12-12,Dec. 2019
0.pdf,timexy,31,12 December 2019,"TIMEX3 type=""DATE"" value=""2019-12-12T00:00:00""","On behalf of:  Claimant 
Witness: John Christopher Depp II 
No:  Second 
Date:  12 December 2019 ",https://www.nickwallis.com/_files/ugd/5df505_efa99136c99548998dae947fc1742a21.pdf#page=31,Johnny Depp,2019-12-12,Dec. 2019
0.pdf,timexy,32,12 December 2019,"TIMEX3 type=""DATE"" value=""2019-12-12T00:00:00""","On behalf of:  Claimant 
Witness: John Christopher Depp II 
No:  Second 
Date:  12 December 2019 ",https://www.nickwallis.com/_files/ugd/5df505_efa99136c99548998dae947fc1742a21.pdf#page=32,Johnny Depp,2019-12-12,Dec. 2019
0.pdf,timexy,33,12 December 2019,"TIMEX3 type=""DATE"" value=""2019-12-12T00:00:00""","On behalf of:  Claimant 
Witness: John Christopher Depp II 
No:  Second 
Date:  12 December 2019 ",https://www.nickwallis.com/_files/ugd/5df505_efa99136c99548998dae947fc1742a21.pdf#page=33,Johnny Depp,2019-12-12,Dec. 2019
0.pdf,timexy,34,12 December 2019,"TIMEX3 type=""DATE"" value=""2019-12-12T00:00:00""","On behalf of:  Claimant 
Witness:  John Christopher Depp II 
No:  Second 
Date:  12 December 2019 ",https://www.nickwallis.com/_files/ugd/5df505_efa99136c99548998dae947fc1742a21.pdf#page=34,Johnny Depp,2019-12-12,Dec. 2019
0.pdf,timexy,35,12 December 2019,"TIMEX3 type=""DATE"" value=""2019-12-12T00:00:00""","On behalf of:  Claimant 
Witness: John Christopher Depp II 
No:  Second 
Date:  12 December 2019 ",https://www.nickwallis.com/_files/ugd/5df505_efa99136c99548998dae947fc1742a21.pdf#page=35,Johnny Depp,2019-12-12,Dec. 2019
2.pdf,timexy,7,12 December 2019,"TIMEX3 type=""DATE"" value=""2019-12-12T00:00:00""","On behalf of:  Claimant 
Witness: Stephen Deuters 
No: First 
Exhibit: SD 1 
Date:  12 December 2019 ",https://www.nickwallis.com/_files/ugd/5df505_3af069960ed64ffa8fe68eacf51d1767.pdf#page=7,Stephen Deuters,2019-12-12,Dec. 2019
2.pdf,timexy,1,12 December 2019,"TIMEX3 type=""DATE"" value=""2019-12-12T00:00:00""","On behalf of:  Claimant 
Witness:  Stephen Deuters 
No: First 
Exhibit:  SD 1 
Date:  12 December 2019 ",https://www.nickwallis.com/_files/ugd/5df505_3af069960ed64ffa8fe68eacf51d1767.pdf#page=1,Stephen Deuters,2019-12-12,Dec. 2019
0.pdf,timexy,16,12 December 2019,"TIMEX3 type=""DATE"" value=""2019-12-12T00:00:00""","On behalf of:  Claimant 
Witness:  John Christopher Depp II 
No:  Second 
Date:  12 December 2019 ",https://www.nickwallis.com/_files/ugd/5df505_efa99136c99548998dae947fc1742a21.pdf#page=16,Johnny Depp,2019-12-12,Dec. 2019
0.pdf,timexy,15,12 December 2019,"TIMEX3 type=""DATE"" value=""2019-12-12T00:00:00""","On behalf of:  Claimant 
Witness: John Christopber Depp II 
No:  Second 
Date:  12 December 2019 ",https://www.nickwallis.com/_files/ugd/5df505_efa99136c99548998dae947fc1742a21.pdf#page=15,Johnny Depp,2019-12-12,Dec. 2019
0.pdf,timexy,38,12 December 2019,"TIMEX3 type=""DATE"" value=""2019-12-12T00:00:00""","On behalf of:  Claimant 
Witness: John Christopher Depp II 
No:  Second 
Date:  12 December 2019 ",https://www.nickwallis.com/_files/ugd/5df505_efa99136c99548998dae947fc1742a21.pdf#page=38,Johnny Depp,2019-12-12,Dec. 2019
0.pdf,timexy,13,12  December 2019,"TIMEX3 type=""DATE"" value=""2019-12-12T00:00:00""","On behalf of:  Claimant 
Witness: John Christopher Depp II 
No:  Second 
Date:  12  December 2019 ",https://www.nickwallis.com/_files/ugd/5df505_efa99136c99548998dae947fc1742a21.pdf#page=13,Johnny Depp,2019-12-12,Dec. 2019
0.pdf,timexy,12,12 December 2019,"TIMEX3 type=""DATE"" value=""2019-12-12T00:00:00""","On behalf of:  Claimant 
Witness:  John Christopher Depp II 
No:  Second 
Date:  12 December 2019 ",https://www.nickwallis.com/_files/ugd/5df505_efa99136c99548998dae947fc1742a21.pdf#page=12,Johnny Depp,2019-12-12,Dec. 2019
0.pdf,timexy,11,12 December 2019,"TIMEX3 type=""DATE"" value=""2019-12-12T00:00:00""","On behalf of:  Claimant 
Witness:  John Christopher Depp II 
No:  Second 
Date:  12 December 2019 ",https://www.nickwallis.com/_files/ugd/5df505_efa99136c99548998dae947fc1742a21.pdf#page=11,Johnny Depp,2019-12-12,Dec. 2019
0.pdf,timexy,2,12 December 2019,"TIMEX3 type=""DATE"" value=""2019-12-12T00:00:00""","On behalf of:  Claimant 
Witness: John Christopher Depp II 
No:  Second 
Date:  12 December 2019 ",https://www.nickwallis.com/_files/ugd/5df505_efa99136c99548998dae947fc1742a21.pdf#page=2,Johnny Depp,2019-12-12,Dec. 2019
0.pdf,timexy,14,12 December 2019,"TIMEX3 type=""DATE"" value=""2019-12-12T00:00:00""","On behalf of:  Claimant 
Witness: John Christopher Depp II 
No:  Second 
Date:  12 December 2019 ",https://www.nickwallis.com/_files/ugd/5df505_efa99136c99548998dae947fc1742a21.pdf#page=14,Johnny Depp,2019-12-12,Dec. 2019
0.pdf,timexy,10,12 December 2019,"TIMEX3 type=""DATE"" value=""2019-12-12T00:00:00""","On behalf of:  Claimant 
Witness: John Christopher Depp II 
No:  Second 
Date:  12 December 2019 ",https://www.nickwallis.com/_files/ugd/5df505_efa99136c99548998dae947fc1742a21.pdf#page=10,Johnny Depp,2019-12-12,Dec. 2019
0.pdf,timexy,9,12 December 2019,"TIMEX3 type=""DATE"" value=""2019-12-12T00:00:00""","On behalf of:  Claimant 
Witness: John Christopher Depp II 
No:  Second 
Date:  12 December 2019 ",https://www.nickwallis.com/_files/ugd/5df505_efa99136c99548998dae947fc1742a21.pdf#page=9,Johnny Depp,2019-12-12,Dec. 2019
3.pdf,timexy,9,12 December 2019,"TIMEX3 type=""DATE"" value=""2019-12-12T00:00:00""",12 December 2019 ,https://www.nickwallis.com/_files/ugd/5df505_759ec5c37d59420db95c1b1529a7ed23.pdf#page=9,Trinity Corrine Esparza,2019-12-12,Dec. 2019
0.pdf,timexy,7,12 December 2019,"TIMEX3 type=""DATE"" value=""2019-12-12T00:00:00""","On behalf of:  Claimant 
Witness: John Christopher Depp II 
No:  Second 
Date:  12 December 2019 ",https://www.nickwallis.com/_files/ugd/5df505_efa99136c99548998dae947fc1742a21.pdf#page=7,Johnny Depp,2019-12-12,Dec. 2019
0.pdf,timexy,3,12 December 2019,"TIMEX3 type=""DATE"" value=""2019-12-12T00:00:00""","On behalf of:  Claimant 
Witness: John Christopher Depp II 
No: Second 
Date:  12 December 2019 ",https://www.nickwallis.com/_files/ugd/5df505_efa99136c99548998dae947fc1742a21.pdf#page=3,Johnny Depp,2019-12-12,Dec. 2019
0.pdf,timexy,4,12 December 2019,"TIMEX3 type=""DATE"" value=""2019-12-12T00:00:00""","On behalf of:  Claimant 
Witness: John Christopher Depp II 
No:  Second 
Date:  12 December 2019 ",https://www.nickwallis.com/_files/ugd/5df505_efa99136c99548998dae947fc1742a21.pdf#page=4,Johnny Depp,2019-12-12,Dec. 2019
0.pdf,timexy,5,12 December 2019,"TIMEX3 type=""DATE"" value=""2019-12-12T00:00:00""","On behalf of:  Claimant 
Witness:  John Christopher Depp II 
No:  Second 
Date:  12 December 2019 ",https://www.nickwallis.com/_files/ugd/5df505_efa99136c99548998dae947fc1742a21.pdf#page=5,Johnny Depp,2019-12-12,Dec. 2019
0.pdf,timexy,6,12 December 2019,"TIMEX3 type=""DATE"" value=""2019-12-12T00:00:00""","On behalf of:  Claimant 
Witness:  John Christopher Depp II 
No:  Second 
Date:  12 December 2019 ",https://www.nickwallis.com/_files/ugd/5df505_efa99136c99548998dae947fc1742a21.pdf#page=6,Johnny Depp,2019-12-12,Dec. 2019
0.pdf,timexy,8,12 December 2019,"TIMEX3 type=""DATE"" value=""2019-12-12T00:00:00""","On behalf of:  Claimant 
Witness: John Christopher Depp II 
No:  Second 
Date:  12 December 2019 ",https://www.nickwallis.com/_files/ugd/5df505_efa99136c99548998dae947fc1742a21.pdf#page=8,Johnny Depp,2019-12-12,Dec. 2019
4.pdf,timexy,2,15 December 2019,"TIMEX3 type=""DATE"" value=""2019-12-15T00:00:00""","statement of Amber Heard dated 15 December 2019, which I have seen and in which she refers ",https://www.nickwallis.com/_files/ugd/5df505_e8641351c9854107a4ba6f7de50d6faa.pdf#page=2,Malcolm Connolly,2019-12-15,Dec. 2019
21.pdf,timexy,4,February 2020,"TIMEX3 type=""DATE"" value=""2020-02-01T00:00:00""","On behalf of: Claimant 
Witness: Travis McGivem 
No: First 
February 2020 ",https://www.nickwallis.com/_files/ugd/5df505_e42b1566a59d4926a4bc3f4d0255ee29.pdf#page=4,Travis McGivern,2020-02-01,Feb. 2020
21.pdf,timexy,4,February 2020,"TIMEX3 type=""DATE"" value=""2020-02-01T00:00:00""","On behalf of: Claimant 
Witness: Travis McGivem 
No: First 
February 2020 ",https://www.nickwallis.com/_files/ugd/5df505_e42b1566a59d4926a4bc3f4d0255ee29.pdf#page=4,Travis McGivern,2020-02-01,Feb. 2020
4.pdf,timexy,5,25  February 2020,"TIMEX3 type=""DATE"" value=""2020-02-25T00:00:00""","On behalf of: Claimant 
Witness: Malcolm Connolly 
No:  First 
Date: 25  February 2020 ",https://www.nickwallis.com/_files/ugd/5df505_e8641351c9854107a4ba6f7de50d6faa.pdf#page=5,Malcolm Connolly,2020-02-25,Feb. 2020
4.pdf,timexy,4,25  February 2020,"TIMEX3 type=""DATE"" value=""2020-02-25T00:00:00""","On behalf of: Claimant 
Witness: Malcolm Connolly 
No:  First 
Date: 25  February 2020 ",https://www.nickwallis.com/_files/ugd/5df505_e8641351c9854107a4ba6f7de50d6faa.pdf#page=4,Malcolm Connolly,2020-02-25,Feb. 2020
4.pdf,timexy,3,25  February 2020,"TIMEX3 type=""DATE"" value=""2020-02-25T00:00:00""","On behalf of:  Claimant 
Witness: Malcolm Connolly 
No:  First 
Date: 25  February 2020 ",https://www.nickwallis.com/_files/ugd/5df505_e8641351c9854107a4ba6f7de50d6faa.pdf#page=3,Malcolm Connolly,2020-02-25,Feb. 2020
4.pdf,timexy,2,25  February 2020,"TIMEX3 type=""DATE"" value=""2020-02-25T00:00:00""","On behalf of: Claimant 
Witness: Malcolm Connolly 
No:  First 
Date:  25  February 2020 ",https://www.nickwallis.com/_files/ugd/5df505_e8641351c9854107a4ba6f7de50d6faa.pdf#page=2,Malcolm Connolly,2020-02-25,Feb. 2020
4.pdf,timexy,1,25  February 2020,"TIMEX3 type=""DATE"" value=""2020-02-25T00:00:00""","On behalf of: Claimant 
Witness: John Christopher Depp II 
No: First 
Date: 25  February 2020 ",https://www.nickwallis.com/_files/ugd/5df505_e8641351c9854107a4ba6f7de50d6faa.pdf#page=1,Malcolm Connolly,2020-02-25,Feb. 2020
4.pdf,timexy,4,25  February 2020,"TIMEX3 type=""DATE"" value=""2020-02-25T00:00:00""","On behalf of: Claimant 
Witness: Malcolm Connolly 
No:  First 
Date: 25  February 2020 ",https://www.nickwallis.com/_files/ugd/5df505_e8641351c9854107a4ba6f7de50d6faa.pdf#page=4,Malcolm Connolly,2020-02-25,Feb. 2020
19.pdf,timexy,8,March  20,"TIMEX3 type=""DATE"" value=""2020-03-01T00:00:00""","21.  Between March  20 13  and  May  20 16, I've witnessed  Mr Depp  leave the Eastern residence at ",https://www.nickwallis.com/_files/ugd/5df505_4d9d0d82863841228fa367d563131602.pdf#page=8,Isaac Baruch,2020-03-01,Mar. 2020
13.pdf,timexy,1,6 March 2020,"TIMEX3 type=""DATE"" value=""2020-03-06T00:00:00""","Claimant 
W Ryder 
First 
Dated 6 March 2020 ",https://www.nickwallis.com/_files/ugd/5df505_1548556eb54b487883f8730eb3b2e62c.pdf#page=1,Winona Ryder,2020-03-06,Mar. 2020
13.pdf,timexy,3,6  March 2020,"TIMEX3 type=""DATE"" value=""2020-03-06T00:00:00""","Claimant 
W Ryder 
First 
Dated 6  March 2020 ",https://www.nickwallis.com/_files/ugd/5df505_1548556eb54b487883f8730eb3b2e62c.pdf#page=3,Winona Ryder,2020-03-06,Mar. 2020
11.pdf,timexy,27,Apr  20,"TIMEX3 type=""DATE"" value=""2020-04-01T00:00:00""","Date  Apr  20,  2014,  8:59  PM ",https://www.nickwallis.com/_files/ugd/5df505_74e2259c23c4401ca047328b067a8bea.pdf#page=27,Kevin Murphy,2020-04-01,Apr. 2020
11.pdf,timexy,20,Apr  20,"TIMEX3 type=""DATE"" value=""2020-04-01T00:00:00""","Apr  20, 2015, 5:24  PM ",https://www.nickwallis.com/_files/ugd/5df505_74e2259c23c4401ca047328b067a8bea.pdf#page=20,Kevin Murphy,2020-04-01,Apr. 2020
19.pdf,timexy,8,May  20,"TIMEX3 type=""DATE"" value=""2020-05-01T00:00:00""","21.  Between March  20 13  and  May  20 16, I've witnessed  Mr Depp  leave the Eastern residence at ",https://www.nickwallis.com/_files/ugd/5df505_4d9d0d82863841228fa367d563131602.pdf#page=8,Isaac Baruch,2020-05-01,May 2020
5.pdf,timexy,3,11  May 2020,"TIMEX3 type=""DATE"" value=""2020-05-11T00:00:00""","Claimant 
Claimant 
T Roberts 
T Roberts 
First 
First 
Dated 11 May 2020 
Dated 11  May 2020 ",https://www.nickwallis.com/_files/ugd/5df505_aa09e7b0456348c1898de7e4f77487b0.pdf#page=3,Tara Roberts,2020-05-11,May 2020
5.pdf,timexy,4,11 May 2020,"TIMEX3 type=""DATE"" value=""2020-05-11T00:00:00""","Claimant 
Claimant 
T Roberts 
T Roberts 
First 
First 
Dated 11 May 2020 
Dated 11  May 2020 ",https://www.nickwallis.com/_files/ugd/5df505_aa09e7b0456348c1898de7e4f77487b0.pdf#page=4,Tara Roberts,2020-05-11,May 2020
5.pdf,timexy,2,11  May 2020,"TIMEX3 type=""DATE"" value=""2020-05-11T00:00:00""","Claimant 
Claimant 
T Roberts 
T Roberts 
First 
First 
Dated 11 May 2020 
Dated 11  May 2020 ",https://www.nickwallis.com/_files/ugd/5df505_aa09e7b0456348c1898de7e4f77487b0.pdf#page=2,Tara Roberts,2020-05-11,May 2020
5.pdf,timexy,4,11  May 2020,"TIMEX3 type=""DATE"" value=""2020-05-11T00:00:00""","Claimant 
Claimant 
T Roberts 
T Roberts 
First 
First 
Dated 11 May 2020 
Dated 11  May 2020 ",https://www.nickwallis.com/_files/ugd/5df505_aa09e7b0456348c1898de7e4f77487b0.pdf#page=4,Tara Roberts,2020-05-11,May 2020
5.pdf,timexy,5,11 May 2020,"TIMEX3 type=""DATE"" value=""2020-05-11T00:00:00""","Claimant 
Claimant 
T Roberts 
T Roberts 
First 
First 
Dated 11 May 2020 
Dated 11  May 2020 ",https://www.nickwallis.com/_files/ugd/5df505_aa09e7b0456348c1898de7e4f77487b0.pdf#page=5,Tara Roberts,2020-05-11,May 2020
5.pdf,timexy,5,11  May 2020,"TIMEX3 type=""DATE"" value=""2020-05-11T00:00:00""","Claimant 
Claimant 
T Roberts 
T Roberts 
First 
First 
Dated 11 May 2020 
Dated 11  May 2020 ",https://www.nickwallis.com/_files/ugd/5df505_aa09e7b0456348c1898de7e4f77487b0.pdf#page=5,Tara Roberts,2020-05-11,May 2020
5.pdf,timexy,3,11 May 2020,"TIMEX3 type=""DATE"" value=""2020-05-11T00:00:00""","Claimant 
Claimant 
T Roberts 
T Roberts 
First 
First 
Dated 11 May 2020 
Dated 11  May 2020 ",https://www.nickwallis.com/_files/ugd/5df505_aa09e7b0456348c1898de7e4f77487b0.pdf#page=3,Tara Roberts,2020-05-11,May 2020
5.pdf,timexy,2,11 May 2020,"TIMEX3 type=""DATE"" value=""2020-05-11T00:00:00""","Claimant 
Claimant 
T Roberts 
T Roberts 
First 
First 
Dated 11 May 2020 
Dated 11  May 2020 ",https://www.nickwallis.com/_files/ugd/5df505_aa09e7b0456348c1898de7e4f77487b0.pdf#page=2,Tara Roberts,2020-05-11,May 2020
5.pdf,timexy,1,11  May 2020,"TIMEX3 type=""DATE"" value=""2020-05-11T00:00:00""","Claimant 
Claimant 
T Roberts 
T Roberts 
First 
First 
Dated 11 May 2020 
Dated 11  May 2020 ",https://www.nickwallis.com/_files/ugd/5df505_aa09e7b0456348c1898de7e4f77487b0.pdf#page=1,Tara Roberts,2020-05-11,May 2020
5.pdf,timexy,1,11 May 2020,"TIMEX3 type=""DATE"" value=""2020-05-11T00:00:00""","Claimant 
Claimant 
T Roberts 
T Roberts 
First 
First 
Dated 11 May 2020 
Dated 11  May 2020 ",https://www.nickwallis.com/_files/ugd/5df505_aa09e7b0456348c1898de7e4f77487b0.pdf#page=1,Tara Roberts,2020-05-11,May 2020
11.pdf,timexy,7,June  20,"TIMEX3 type=""DATE"" value=""2020-06-01T00:00:00""",June  20! ,https://www.nickwallis.com/_files/ugd/5df505_74e2259c23c4401ca047328b067a8bea.pdf#page=7,Kevin Murphy,2020-06-01,Jun. 2020
11.pdf,timexy,1,14 June 2020,"TIMEX3 type=""DATE"" value=""2020-06-14T00:00:00""",Defendants on  14 June 2020 referred to below. ,https://www.nickwallis.com/_files/ugd/5df505_74e2259c23c4401ca047328b067a8bea.pdf#page=1,Kevin Murphy,2020-06-14,Jun. 2020
11.pdf,timexy,2,16  June  2020,"TIMEX3 type=""DATE"" value=""2020-06-16T00:00:00""","Pet  Travel  dated  16  June  2020  is  enclosed  at  page  2  of  Exhibit  KM2, ",https://www.nickwallis.com/_files/ugd/5df505_74e2259c23c4401ca047328b067a8bea.pdf#page=2,Kevin Murphy,2020-06-16,Jun. 2020
11.pdf,timexy,23,"June 22,  2020","TIMEX3 type=""DATE"" value=""2020-06-22T00:00:00""","June 22,  2020 ",https://www.nickwallis.com/_files/ugd/5df505_74e2259c23c4401ca047328b067a8bea.pdf#page=23,Kevin Murphy,2020-06-22,Jun. 2020
11.pdf,timexy,1,23 June 2020,"TIMEX3 type=""DATE"" value=""2020-06-23T00:00:00""","Claimant 
K Murphy 
Second 
Dated  23 June 2020 ",https://www.nickwallis.com/_files/ugd/5df505_74e2259c23c4401ca047328b067a8bea.pdf#page=1,Kevin Murphy,2020-06-23,Jun. 2020
11.pdf,timexy,6,23 June 2020,"TIMEX3 type=""DATE"" value=""2020-06-23T00:00:00""","Claimant 
K Murphy 
Second 
Dated  23 June 2020 ",https://www.nickwallis.com/_files/ugd/5df505_74e2259c23c4401ca047328b067a8bea.pdf#page=6,Kevin Murphy,2020-06-23,Jun. 2020
11.pdf,timexy,3,23 June 2020,"TIMEX3 type=""DATE"" value=""2020-06-23T00:00:00""","Claimant 
K Murphy 
Second 
Dated  23 June 2020 ",https://www.nickwallis.com/_files/ugd/5df505_74e2259c23c4401ca047328b067a8bea.pdf#page=3,Kevin Murphy,2020-06-23,Jun. 2020
11.pdf,timexy,5,23 June 2020,"TIMEX3 type=""DATE"" value=""2020-06-23T00:00:00""","Claimant 
K Murphy 
Second 
Dated  23 June 2020 ",https://www.nickwallis.com/_files/ugd/5df505_74e2259c23c4401ca047328b067a8bea.pdf#page=5,Kevin Murphy,2020-06-23,Jun. 2020
11.pdf,timexy,4,23 June 2020,"TIMEX3 type=""DATE"" value=""2020-06-23T00:00:00""","Claimant 
K Murphy 
Second 
Dated  23 June 2020 ",https://www.nickwallis.com/_files/ugd/5df505_74e2259c23c4401ca047328b067a8bea.pdf#page=4,Kevin Murphy,2020-06-23,Jun. 2020
11.pdf,timexy,2,23 June 2020,"TIMEX3 type=""DATE"" value=""2020-06-23T00:00:00""","Claimant 
K Murphy 
Second 
Dated  23 June 2020 ",https://www.nickwallis.com/_files/ugd/5df505_74e2259c23c4401ca047328b067a8bea.pdf#page=2,Kevin Murphy,2020-06-23,Jun. 2020
11.pdf,timexy,8,23 June 2020,"TIMEX3 type=""DATE"" value=""2020-06-23T00:00:00""","Claimant 
K Murphy 
Second 
Dated  23 June 2020 ",https://www.nickwallis.com/_files/ugd/5df505_74e2259c23c4401ca047328b067a8bea.pdf#page=8,Kevin Murphy,2020-06-23,Jun. 2020
19.pdf,timexy,4,2 December 20,"TIMEX3 type=""DATE"" value=""2020-12-02T00:00:00""","On  behalf of: Claimant 
Witness: Isaac Baruch 
No: First 
Dated:  I 2 December 20 19 ",https://www.nickwallis.com/_files/ugd/5df505_4d9d0d82863841228fa367d563131602.pdf#page=4,Isaac Baruch,2020-12-02,Dec. 2020
11.pdf,timexy,34,Feb  21,"TIMEX3 type=""DATE"" value=""2021-02-01T00:00:00""","Trudy Salven 
to  Savannah,  me, Amber 
Feb  21, 2015  View  details ",https://www.nickwallis.com/_files/ugd/5df505_74e2259c23c4401ca047328b067a8bea.pdf#page=34,Kevin Murphy,2021-02-01,Feb. 2021
0.pdf,timexy,24,April 21,"TIMEX3 type=""DATE"" value=""2021-04-01T00:00:00""","80. It is alleged at paragraphs 8.b and 8.c of the Defence that on April 21"", 2016: ",https://www.nickwallis.com/_files/ugd/5df505_efa99136c99548998dae947fc1742a21.pdf#page=24,Johnny Depp,2021-04-01,Apr. 2021
15.pdf,timexy,2,April 21,"TIMEX3 type=""DATE"" value=""2021-04-01T00:00:00""",April 21 '\ 2016 ,https://www.nickwallis.com/_files/ugd/5df505_68a3353621a54f36a2d646d1a8a614c4.pdf#page=2,Sean Bett,2021-04-01,Apr. 2021
15.pdf,timexy,2,April  21,"TIMEX3 type=""DATE"" value=""2021-04-01T00:00:00""","On April  21'', 2016,  I remember driving Mr Depp to  a party for  Ms  Heard's birthday. ",https://www.nickwallis.com/_files/ugd/5df505_68a3353621a54f36a2d646d1a8a614c4.pdf#page=2,Sean Bett,2021-04-01,Apr. 2021
10.pdf,timexy,4,April 21,"TIMEX3 type=""DATE"" value=""2021-04-01T00:00:00""","that,  Mr Depp abused Ms  Heard and threw items around on December  15tl1,  2015, April 21",https://www.nickwallis.com/_files/ugd/5df505_ed4a98bd97e442729f8937686998f469.pdf#page=4,Kevin Murphy,2021-04-01,Apr. 2021
0.pdf,timexy,24,April 21,"TIMEX3 type=""DATE"" value=""2021-04-01T00:00:00""","80. It is alleged at paragraphs 8.b and 8.c of the Defence that on April 21"", 2016: ",https://www.nickwallis.com/_files/ugd/5df505_efa99136c99548998dae947fc1742a21.pdf#page=24,Johnny Depp,2021-04-01,Apr. 2021
11.pdf,timexy,30,Apr  21,"TIMEX3 type=""DATE"" value=""2021-04-01T00:00:00""","Savannah  Mcmillan 
to Toni, me 
Apr  21, 2015  View details ",https://www.nickwallis.com/_files/ugd/5df505_74e2259c23c4401ca047328b067a8bea.pdf#page=30,Kevin Murphy,2021-04-01,Apr. 2021
3.pdf,timexy,5,May 21,"TIMEX3 type=""DATE"" value=""2021-05-01T00:00:00""",obtained a restraining order against Mr.  Depp for domestic abuse stemming from the May 21 ,https://www.nickwallis.com/_files/ugd/5df505_759ec5c37d59420db95c1b1529a7ed23.pdf#page=5,Trinity Corrine Esparza,2021-05-01,May 2021
3.pdf,timexy,5,May 21,"TIMEX3 type=""DATE"" value=""2021-05-01T00:00:00""",obtained a restraining order against Mr.  Depp for domestic abuse stemming from the May 21 ,https://www.nickwallis.com/_files/ugd/5df505_759ec5c37d59420db95c1b1529a7ed23.pdf#page=5,Trinity Corrine Esparza,2021-05-01,May 2021
15.pdf,timexy,3,May 21,"TIMEX3 type=""DATE"" value=""2021-05-01T00:00:00""","May 21 '', 2016 ",https://www.nickwallis.com/_files/ugd/5df505_68a3353621a54f36a2d646d1a8a614c4.pdf#page=3,Sean Bett,2021-05-01,May 2021
10.pdf,timexy,7,May  21,"TIMEX3 type=""DATE"" value=""2021-05-01T00:00:00""","21.  On  May  21 '1,  2016,  at  7.46  p.m.,  I  received  a  telephone  call  from  both  Mr  Depp  and  Ms ",https://www.nickwallis.com/_files/ugd/5df505_ed4a98bd97e442729f8937686998f469.pdf#page=7,Kevin Murphy,2021-05-01,May 2021
15.pdf,timexy,3,May 21,"TIMEX3 type=""DATE"" value=""2021-05-01T00:00:00""","May 21 '', 2016 ",https://www.nickwallis.com/_files/ugd/5df505_68a3353621a54f36a2d646d1a8a614c4.pdf#page=3,Sean Bett,2021-05-01,May 2021
15.pdf,timexy,3,"1 

May 21","TIMEX3 type=""DATE"" value=""2021-05-01T00:00:00""",,https://www.nickwallis.com/_files/ugd/5df505_68a3353621a54f36a2d646d1a8a614c4.pdf#page=3,Sean Bett,2021-05-01,May 2021
3.pdf,timexy,6,May  21,"TIMEX3 type=""DATE"" value=""2021-05-01T00:00:00""",Columbia  Lofts  May  21  at  8:29  pm  (there  is  video  footage  of his  departure  with  his  two ,https://www.nickwallis.com/_files/ugd/5df505_759ec5c37d59420db95c1b1529a7ed23.pdf#page=6,Trinity Corrine Esparza,2021-05-01,May 2021
3.pdf,timexy,7,"May 

21","TIMEX3 type=""DATE"" value=""2021-05-01T00:00:00""",,https://www.nickwallis.com/_files/ugd/5df505_759ec5c37d59420db95c1b1529a7ed23.pdf#page=7,Trinity Corrine Esparza,2021-05-01,May 2021
3.pdf,timexy,5,May  21,"TIMEX3 type=""DATE"" value=""2021-05-01T00:00:00""",police came to the  penthouse the  evening of May 21.  I knew that Mr.  Depp  left  on  May  21 ,https://www.nickwallis.com/_files/ugd/5df505_759ec5c37d59420db95c1b1529a7ed23.pdf#page=5,Trinity Corrine Esparza,2021-05-01,May 2021
3.pdf,timexy,5,May 21,"TIMEX3 type=""DATE"" value=""2021-05-01T00:00:00""",obtained a restraining order against Mr.  Depp for domestic abuse stemming from the May 21 ,https://www.nickwallis.com/_files/ugd/5df505_759ec5c37d59420db95c1b1529a7ed23.pdf#page=5,Trinity Corrine Esparza,2021-05-01,May 2021
3.pdf,timexy,7,May 21,"TIMEX3 type=""DATE"" value=""2021-05-01T00:00:00""","Eastern  Columbia Lofts  on  May 21  never  to  return,  I  was  working  at  the  front desk  of the ",https://www.nickwallis.com/_files/ugd/5df505_759ec5c37d59420db95c1b1529a7ed23.pdf#page=7,Trinity Corrine Esparza,2021-05-01,May 2021
3.pdf,timexy,3,May  21,"TIMEX3 type=""DATE"" value=""2021-05-01T00:00:00""","9.  I  was  not  on  duty  at  the  Eastern  Columbia  Lofts  on  May  21,  2016.  However,  at ",https://www.nickwallis.com/_files/ugd/5df505_759ec5c37d59420db95c1b1529a7ed23.pdf#page=3,Trinity Corrine Esparza,2021-05-01,May 2021
3.pdf,timexy,3,May  21,"TIMEX3 type=""DATE"" value=""2021-05-01T00:00:00""","9.  I  was  not  on  duty  at  the  Eastern  Columbia  Lofts  on  May  21,  2016.  However,  at ",https://www.nickwallis.com/_files/ugd/5df505_759ec5c37d59420db95c1b1529a7ed23.pdf#page=3,Trinity Corrine Esparza,2021-05-01,May 2021
6.pdf,timexy,2,May 21,"TIMEX3 type=""DATE"" value=""2021-05-01T00:00:00""","amongst other dates, December l 51h,  2015  and May 21 ' 1,  2016. ",https://www.nickwallis.com/_files/ugd/5df505_bc6bebe1450f49a0bd44d624e3bca8b9.pdf#page=2,Samantha McMillen,2021-05-01,May 2021
6.pdf,timexy,2,May 21,"TIMEX3 type=""DATE"" value=""2021-05-01T00:00:00""","amongst other dates, December l 51h,  2015  and May 21 ' 1,  2016. ",https://www.nickwallis.com/_files/ugd/5df505_bc6bebe1450f49a0bd44d624e3bca8b9.pdf#page=2,Samantha McMillen,2021-05-01,May 2021
0.pdf,timexy,27,May 21,"TIMEX3 type=""DATE"" value=""2021-05-01T00:00:00""","Prior to  arriving to  pick up my things  on May 21 '\ 2016,  I told Ms  Heard  on the phone that ",https://www.nickwallis.com/_files/ugd/5df505_efa99136c99548998dae947fc1742a21.pdf#page=27,Johnny Depp,2021-05-01,May 2021
0.pdf,timexy,27,April  22,"TIMEX3 type=""DATE"" value=""2022-04-01T00:00:00""","88.  Since  the  incident  on April  22,  2016,  Ms  Heard  had  repeatedly  tried  to  contact  me  either ",https://www.nickwallis.com/_files/ugd/5df505_efa99136c99548998dae947fc1742a21.pdf#page=27,Johnny Depp,2022-04-01,Apr. 2022
11.pdf,timexy,20,Apr  22,"TIMEX3 type=""DATE"" value=""2022-04-01T00:00:00""","Apr  22, 2015,11:41 AM ",https://www.nickwallis.com/_files/ugd/5df505_74e2259c23c4401ca047328b067a8bea.pdf#page=20,Kevin Murphy,2022-04-01,Apr. 2022
3.pdf,timexy,3,May  22,"TIMEX3 type=""DATE"" value=""2022-05-01T00:00:00""","11.  On Sunday  May  22,  2016,  my  Eastern  Columbia  Lofts  colleague  Cornelius  Harrell  called ",https://www.nickwallis.com/_files/ugd/5df505_759ec5c37d59420db95c1b1529a7ed23.pdf#page=3,Trinity Corrine Esparza,2022-05-01,May 2022
3.pdf,timexy,6,May  22,"TIMEX3 type=""DATE"" value=""2022-05-01T00:00:00""","having  with  Ms. Heard on  Sunday,  May  22, 2016  at  1 pm.  I  reviewed video  of Ms.  Heard ",https://www.nickwallis.com/_files/ugd/5df505_759ec5c37d59420db95c1b1529a7ed23.pdf#page=6,Trinity Corrine Esparza,2022-05-01,May 2022
3.pdf,timexy,5,May 22,"TIMEX3 type=""DATE"" value=""2022-05-01T00:00:00""",and had not yet returned.  I knew my colleague Cornelius Harrell called me  May 22 and said ,https://www.nickwallis.com/_files/ugd/5df505_759ec5c37d59420db95c1b1529a7ed23.pdf#page=5,Trinity Corrine Esparza,2022-05-01,May 2022
19.pdf,timexy,6,May 22,"TIMEX3 type=""DATE"" value=""2022-05-01T00:00:00""","I  had  first-hand  witnessed Ms Heard's face between May 22 11d and  May 26th, 2016, and  there ",https://www.nickwallis.com/_files/ugd/5df505_4d9d0d82863841228fa367d563131602.pdf#page=6,Isaac Baruch,2022-05-01,May 2022
19.pdf,timexy,5,May 22,"TIMEX3 type=""DATE"" value=""2022-05-01T00:00:00""",14. Although I  saw  and  spoke to Ms Heard within the dates of May 22 11d  2016 through May 26th ,https://www.nickwallis.com/_files/ugd/5df505_4d9d0d82863841228fa367d563131602.pdf#page=5,Isaac Baruch,2022-05-01,May 2022
20.pdf,timexy,4,May  23,"TIMEX3 type=""DATE"" value=""2023-05-01T00:00:00""","14.  I  do  not  recall  seeing  Ms  Heard  on  any  other  day  during  the  week  commencing  May  23, ",https://www.nickwallis.com/_files/ugd/5df505_0577dcc1d0a64761896b7d76d95cba29.pdf#page=4,Alejandro Romero,2023-05-01,May 2023
3.pdf,timexy,3,May  23,"TIMEX3 type=""DATE"" value=""2023-05-01T00:00:00""","12.  On  Monday,  May  23 ,  2016  I  was  working  at  the  front  desk  at  the  Eastern  Columbia  Lofts ",https://www.nickwallis.com/_files/ugd/5df505_759ec5c37d59420db95c1b1529a7ed23.pdf#page=3,Trinity Corrine Esparza,2023-05-01,May 2023
3.pdf,timexy,5,"May 

23","TIMEX3 type=""DATE"" value=""2023-05-01T00:00:00""",,https://www.nickwallis.com/_files/ugd/5df505_759ec5c37d59420db95c1b1529a7ed23.pdf#page=5,Trinity Corrine Esparza,2023-05-01,May 2023
11.pdf,timexy,5,June  23,"TIMEX3 type=""DATE"" value=""2023-06-01T00:00:00""","weeks  later,  on  June  23,  2016.  I  retained  the  services  of  the  law  firm ",https://www.nickwallis.com/_files/ugd/5df505_74e2259c23c4401ca047328b067a8bea.pdf#page=5,Kevin Murphy,2023-06-01,Jun. 2023
3.pdf,timexy,3,May  24,"TIMEX3 type=""DATE"" value=""2024-05-01T00:00:00""","13 . On  Tuesday,  May  24,  2016  I  was  working  at  the  front  desk  at the  Eastern  Columbia  Lofts ",https://www.nickwallis.com/_files/ugd/5df505_759ec5c37d59420db95c1b1529a7ed23.pdf#page=3,Trinity Corrine Esparza,2024-05-01,May 2024
3.pdf,timexy,5,May  24,"TIMEX3 type=""DATE"" value=""2024-05-01T00:00:00""","23,  Tuesday, May  24, and  Wednesday  May  25  with  a  clear, and  unmarked  face.  I knew  I ",https://www.nickwallis.com/_files/ugd/5df505_759ec5c37d59420db95c1b1529a7ed23.pdf#page=5,Trinity Corrine Esparza,2024-05-01,May 2024
3.pdf,timexy,5,May  24,"TIMEX3 type=""DATE"" value=""2024-05-01T00:00:00""","23,  Tuesday, May  24, and  Wednesday  May  25  with  a  clear, and  unmarked  face.  I knew  I ",https://www.nickwallis.com/_files/ugd/5df505_759ec5c37d59420db95c1b1529a7ed23.pdf#page=5,Trinity Corrine Esparza,2024-05-01,May 2024
3.pdf,timexy,6,May  24,"TIMEX3 type=""DATE"" value=""2024-05-01T00:00:00""","told  Mr. Depp's  lawyers  to  look  for  footage  from  Tuesday  evening,  May  24,  2016  at  the ",https://www.nickwallis.com/_files/ugd/5df505_759ec5c37d59420db95c1b1529a7ed23.pdf#page=6,Trinity Corrine Esparza,2024-05-01,May 2024
3.pdf,timexy,5,May  25,"TIMEX3 type=""DATE"" value=""2025-05-01T00:00:00""","23,  Tuesday, May  24, and  Wednesday  May  25  with  a  clear, and  unmarked  face.  I knew  I ",https://www.nickwallis.com/_files/ugd/5df505_759ec5c37d59420db95c1b1529a7ed23.pdf#page=5,Trinity Corrine Esparza,2025-05-01,May 2025
20.pdf,timexy,3,May  25,"TIMEX3 type=""DATE"" value=""2025-05-01T00:00:00""","10. On  Wednesday,  May  25,  2016  I  was  working  at  the  front  desk  of the  Eastern  during  my ",https://www.nickwallis.com/_files/ugd/5df505_0577dcc1d0a64761896b7d76d95cba29.pdf#page=3,Alejandro Romero,2025-05-01,May 2025
11.pdf,timexy,29,May  26,"TIMEX3 type=""DATE"" value=""2026-05-01T00:00:00""","Date  May  26,  2015, 7:27  PM ",https://www.nickwallis.com/_files/ugd/5df505_74e2259c23c4401ca047328b067a8bea.pdf#page=29,Kevin Murphy,2026-05-01,May 2026
3.pdf,timexy,5,May 27,"TIMEX3 type=""DATE"" value=""2027-05-01T00:00:00""","time on  Friday,  May 27.  Since my professional  responsibility is to  ensure the security of the ",https://www.nickwallis.com/_files/ugd/5df505_759ec5c37d59420db95c1b1529a7ed23.pdf#page=5,Trinity Corrine Esparza,2027-05-01,May 2027
3.pdf,timexy,4,May 27,"TIMEX3 type=""DATE"" value=""2027-05-01T00:00:00""","Friday, May 27 2016 ",https://www.nickwallis.com/_files/ugd/5df505_759ec5c37d59420db95c1b1529a7ed23.pdf#page=4,Trinity Corrine Esparza,2027-05-01,May 2027
11.pdf,timexy,32,Mar  28,"TIMEX3 type=""DATE"" value=""2028-03-01T00:00:00""","AH 
to  me 
Mar  28f  2015  View  details ",https://www.nickwallis.com/_files/ugd/5df505_74e2259c23c4401ca047328b067a8bea.pdf#page=32,Kevin Murphy,2028-03-01,Mar. 2028
11.pdf,timexy,32,Mar  28,"TIMEX3 type=""DATE"" value=""2028-03-01T00:00:00""","AH 
to  me 
Mar  28f  2015  View  details ",https://www.nickwallis.com/_files/ugd/5df505_74e2259c23c4401ca047328b067a8bea.pdf#page=32,Kevin Murphy,2028-03-01,Mar. 2028
11.pdf,timexy,33,Mar  28,"TIMEX3 type=""DATE"" value=""2028-03-01T00:00:00""","to  Savannah, AH 
Mar  28,  2015  View  details ",https://www.nickwallis.com/_files/ugd/5df505_74e2259c23c4401ca047328b067a8bea.pdf#page=33,Kevin Murphy,2028-03-01,Mar. 2028
11.pdf,timexy,33,Mar  28,"TIMEX3 type=""DATE"" value=""2028-03-01T00:00:00""","to  Savannah, AH 
Mar  28,  2015  View  details ",https://www.nickwallis.com/_files/ugd/5df505_74e2259c23c4401ca047328b067a8bea.pdf#page=33,Kevin Murphy,2028-03-01,Mar. 2028
11.pdf,timexy,12,Mar  29,"TIMEX3 type=""DATE"" value=""2029-03-01T00:00:00""","to AH 
Mar  29,  2015  View  details ",https://www.nickwallis.com/_files/ugd/5df505_74e2259c23c4401ca047328b067a8bea.pdf#page=12,Kevin Murphy,2029-03-01,Mar. 2029
11.pdf,timexy,13,Mar  29,"TIMEX3 type=""DATE"" value=""2029-03-01T00:00:00""","AH 
to  me 
Mar  29,  2015  View  details ",https://www.nickwallis.com/_files/ugd/5df505_74e2259c23c4401ca047328b067a8bea.pdf#page=13,Kevin Murphy,2029-03-01,Mar. 2029
11.pdf,timexy,13,Mar  29,"TIMEX3 type=""DATE"" value=""2029-03-01T00:00:00""","AH 
to  me 
Mar  29,  2015  View  details ",https://www.nickwallis.com/_files/ugd/5df505_74e2259c23c4401ca047328b067a8bea.pdf#page=13,Kevin Murphy,2029-03-01,Mar. 2029
11.pdf,timexy,13,Mar  29,"TIMEX3 type=""DATE"" value=""2029-03-01T00:00:00""","AH 
to  me 
Mar  29,  2015  View  details ",https://www.nickwallis.com/_files/ugd/5df505_74e2259c23c4401ca047328b067a8bea.pdf#page=13,Kevin Murphy,2029-03-01,Mar. 2029
11.pdf,timexy,12,Mar  29,"TIMEX3 type=""DATE"" value=""2029-03-01T00:00:00""","to AH 
Mar  29,  2015  View  details ",https://www.nickwallis.com/_files/ugd/5df505_74e2259c23c4401ca047328b067a8bea.pdf#page=12,Kevin Murphy,2029-03-01,Mar. 2029
11.pdf,timexy,15,Mar  30,"TIMEX3 type=""DATE"" value=""2030-03-01T00:00:00""","to AH 
Mar  30,  2015  View details ",https://www.nickwallis.com/_files/ugd/5df505_74e2259c23c4401ca047328b067a8bea.pdf#page=15,Kevin Murphy,2030-03-01,Mar. 2030
3.pdf,timexy,5,May  30,"TIMEX3 type=""DATE"" value=""2030-05-01T00:00:00""","I  was  disturbed.  When  I  went  to  work  on  Monday,  May  30  2016  I knew  this: I  knew  the ",https://www.nickwallis.com/_files/ugd/5df505_759ec5c37d59420db95c1b1529a7ed23.pdf#page=5,Trinity Corrine Esparza,2030-05-01,May 2030
11.pdf,timexy,7,23 June 2030,"TIMEX3 type=""DATE"" value=""2030-06-23T00:00:00""","Clamant 
K Murttfiy 
S*rond 
Datwd 23 June 2030 ",https://www.nickwallis.com/_files/ugd/5df505_74e2259c23c4401ca047328b067a8bea.pdf#page=7,Kevin Murphy,2030-06-23,Jun. 2030
11.pdf,timexy,16,Mar  31,"TIMEX3 type=""DATE"" value=""2031-03-01T00:00:00""","AH 
to  me 
Mar  31, 2015  View  details ",https://www.nickwallis.com/_files/ugd/5df505_74e2259c23c4401ca047328b067a8bea.pdf#page=16,Kevin Murphy,2031-03-01,Mar. 2031
11.pdf,timexy,16,Mar  31,"TIMEX3 type=""DATE"" value=""2031-03-01T00:00:00""","AH 
to  me 
Mar  31, 2015  View  details ",https://www.nickwallis.com/_files/ugd/5df505_74e2259c23c4401ca047328b067a8bea.pdf#page=16,Kevin Murphy,2031-03-01,Mar. 2031
11.pdf,timexy,15,Mar  31,"TIMEX3 type=""DATE"" value=""2031-03-01T00:00:00""","AH 
to  me 
Mar  31, 2015  View  details ",https://www.nickwallis.com/_files/ugd/5df505_74e2259c23c4401ca047328b067a8bea.pdf#page=15,Kevin Murphy,2031-03-01,Mar. 2031
11.pdf,timexy,17,Mar  31,"TIMEX3 type=""DATE"" value=""2031-03-01T00:00:00""","me 
to AH 
Mar  31, 2015  View  details ",https://www.nickwallis.com/_files/ugd/5df505_74e2259c23c4401ca047328b067a8bea.pdf#page=17,Kevin Murphy,2031-03-01,Mar. 2031
